Name,Pos,Age,Frame,Athl,Levers,Arm,Perf,Delivery,playerId
"Wander Franco","SS","20.1416666",,2,"Short",55,2,,"sa3007033"
"MacKenzie Gore","SP","22.1611111",1,2,"Long",,,1,"sa3005068"
"Adley Rutschman","C","23.2111111",2,1,"Long",60,2,,"sa3011643"
"Randy Arozarena","LF","26.1444444",,1,"Short",55,2,,"19290"
"Jarred Kelenic","RF","21.7666666",,1,"Short",60,2,,"sa3007741"
"CJ Abrams","2B","20.5527777",1,1,"Med",50,2,,"sa3010152"
"Ke'Bryan Hayes","3B","24.2333333",1,1,"Med",60,1,,"18577"
"Cristian Pache","CF","22.425",1,2,"Long",70,,,"19948"
"Spencer Torkelson","1B","21.6555555",-1,-1,"Short",40,2,,"sa3014504"
"Nate Pearson","SP","24.6722222",-1,1,"Med",,,1,"20160"
"Marco Luciano","SS","19.5361111",1,,"Med",50,1,,"sa3010022"
"Luis Patino","SP","21.4888888",-1,2,"Med",,,-1,"22815"
"Ian Anderson","SP","22.9722222",1,1,"Long",,2,2,"19951"
"Andrew Vaughn","1B","23.0527777",-1,-1,"Short",40,2,,"26197"
"Brandon Marsh","CF","23.3444444",1,1,"Med",60,,,"sa917944"
"Dylan Carlson","LF","22.4972222",1,1,"Long",40,1,,"20126"
"Alex Kirilloff","RF","23.4527777",,-1,"Med",60,2,,"20325"
"Matt Manning","SP","23.2333333",2,2,"Long",,1,1,"sa917924"
"Bobby Witt Jr.","SS","20.8555555",2,2,"Long",70,,,"sa3011225"
"Julio Rodriguez","RF","20.3138888",2,1,"Med",60,,,"sa3005720"
"Corbin Carroll","CF","20.6694444",-1,1,"Short",55,2,,"sa3010593"
"Tarik Skubal","SP","24.4222222",1,-1,"Long",,,,"22267"
"Vidal Brujan","2B","23.2027777",1,2,"Med",45,1,,"sa872786"
"Asa Lacy","SP","21.8888888",1,1,"Med",,1,-1,"sa3014423"
"Max Meyer","SP","22.1111111",,2,"Short",,1,1,"sa3014430"
"Luis Campusano","C","22.5638888",,1,"Med",60,1,,"22217"
"Sixto Sanchez","SP","22.7305555",-1,1,"Short",,1,-1,"19680"
"Josiah Gray","SP","23.3361111",-1,2,"Short",,1,-1,"sa3007475"
"Grayson Rodriguez","SP","21.4333333",1,1,"Med",,1,-1,"sa3008130"
"Francisco Alvarez","C","19.425",,1,"Short",55,1,,"sa3010862"
"Casey Mize","SP","23.975",,1,"Med",,1,-1,"20492"
"Spencer Howard","SP","24.7333333",,,"Med",,,-1,"23252"
"Michael Kopech","SP","24.9777777",2,1,"Long",,1,1,"17282"
"JJ Bleday","RF","23.45",,,"Med",60,1,,"sa3011642"
"Trevor Larnach","RF","24.1555555",,-1,"Med",55,2,,"sa3008376"
"Logan Gilbert","SP","23.9638888",2,1,"Long",,1,2,"sa3008598"
"Riley Greene","RF","20.5666666",1,,"Med",55,2,,"sa3010694"
"Nick Madrigal","2B","24.1027777",-1,1,"Short",50,1,,"20521"
"Nolan Gorman","3B","20.95",,-1,"Med",50,1,,"sa3007017"
"Brennen Davis","CF","21.4722222",2,2,"Long",60,,,"sa3007876"
"Ronny Mauricio","SS","20.05",2,1,"Long",60,,,"sa3006887"
"Kristian Robinson","RF","20.3638888",2,1,"Long",60,-1,,"sa3006884"
"Austin Martin","CF","22.0805555",,1,"Short",45,2,,"sa3014454"
"Alek Thomas","LF","20.9833333",-1,2,"Short",40,1,,"sa3006892"
"Quinn Priester","SP","20.6027777",2,1,"Long",,,-1,"sa3011297"
"Royce Lewis","SS","21.8805555",2,1,"Long",50,,,"sa3004259"
"Drew Waters","CF","22.3111111",1,1,"Med",60,,,"sa3004378"
"Jazz Chisholm","SS","23.225",,2,"Med",60,-1,,"20454"
"Jose Garcia","SS","23.0472222",2,2,"Med",70,-1,,"23378"
"Jasson Dominguez","CF","18.2083333",-1,2,"Short",60,-2,,"sa3014696"
"Nolan Jones","LF","22.9583333",2,1,"Long",70,1,,"sa917941"
"Jeter Downs","2B","22.7361111",,,"Med",50,1,,"sa3004615"
"Triston Casas","1B","21.2694444",,-1,"Long",55,1,,"sa3007634"
"Joey Bart","C","24.3527777",-1,1,"Med",55,,,"21524"
"Josh Lowe","CF","23.2222222",2,1,"Long",60,1,,"sa917926"
"Emerson Hancock","SP","21.8944444",2,1,"Long",,1,1,"sa3014456"
"Triston McKenzie","SP","23.7222222",,1,"Short",,1,2,"18000"
"Ryan Jeffers","C","24.1277777",-1,-1,"Short",55,1,,"24618"
"Deivi Garcia","SP","21.925",-1,1,"Short",,1,1,"20276"
"Heliot Ramos","RF","21.625",-1,1,"Short",60,1,,"sa3004693"
"Daniel Lynch","SP","24.4305555",1,1,"Long",,1,,"sa3007588"
"Edward Cabrera","SP","23.025",1,1,"Med",,,-1,"sa920423"
"George Valera","RF","20.4416666",,,"Med",55,1,,"sa3006872"
"Ha-seong Kim","SS","25.5138888",-1,2,"Short",70,2,,"27506"
"Ivan Herrera","C","20.8916666",,,"Med",50,1,,"sa3003191"
"Jeremy Pena","SS","23.5833333",1,1,"Med",50,,,"sa876320"
"Oswald Peraza","SS","20.8527777",-1,1,"Short",55,1,,"sa3003305"
"Geraldo Perdomo","SS","21.5",1,1,"Med",55,1,,"22799"
"Noelvi Marte","SS","19.5166666",2,1,"Med",60,,,"sa3008745"
"Zac Veen","CF","19.3611111",2,1,"Long",50,,,"sa3014516"
"Robert Hassell III","CF","19.6861111",1,1,"Med",60,,,"sa3014701"
"Simeon Woods Richardson","SP","20.5694444",,1,"Short",,,1,"sa3008423"
"Garrett Crochet","SIRP","21.8361111",1,1,"Long",,-1,,"27463"
"Alejandro Kirk","C","22.4611111",-2,-1,"Short",45,2,,"22581"
"George Kirby","SP","23.2055555",1,,"Med",,1,1,"sa3011526"
"Jordan Groshans","3B","21.45",2,1,"Med",60,,,"sa3006893"
"Tyler Stephenson","C","24.6833333",2,1,"Long",70,1,,"17988"
"Brayan Rocchio","SS","20.275",-1,1,"Short",50,1,,"sa3005898"
"Keibert Ruiz","C","22.7555555",-1,-1,"Med",50,1,,"19610"
"Jordan Balazovic","SP","22.5972222",1,1,"Long",,2,1,"sa918017"
"Jhoan Duran","SP","23.2888888",1,,"Med",,1,-1,"sa873347"
"DL Hall","MIRP","22.5916666",-1,1,"Short",,,-1,"sa3005282"
"Xavier Edwards","2B","21.7027777",-1,1,"Short",45,1,,"sa3007018"
"Michael Busch","2B","23.4527777",,-1,"Med",40,1,,"sa3011540"
"Nick Gonzales","2B","21.9027777",-1,,"Short",45,1,,"sa3014510"
"Luis Matos","CF","19.2333333",,2,"Short",50,1,,"sa3008756"
"Tyler Freeman","2B","21.9194444",-1,,"Short",45,2,,"sa3004755"
"Orelvis Martinez","SS","19.425",,1,"Med",55,-1,,"sa3010692"
"Jordyn Adams","CF","21.5111111",2,2,"Long",50,,,"sa3008032"
"Alexander Vargas","SS","19.4805555",1,2,"Med",60,-1,,"sa3008851"
"Daniel Espino","SP","20.2972222",1,1,"Long",,,-1,"sa3011495"
"Gabriel Moreno","C","21.1888888",-1,1,"Short",50,1,,"sa3003226"
"Ryan Mountcastle","LF","24.1777777",1,-1,"Long",30,2,,"18373"
"Mick Abel","SP","19.6777777",2,1,"Long",,,1,"sa3014534"
"Matthew Allan","SP","20.0138888",1,-1,"Long",,,,"sa3011740"
"Luis Medina","MIRP","21.9694444",1,1,"Long",,-1,1,"sa928510"
"Gregory Santos","MIRP","21.65",-1,-1,"Long",,-1,-1,"21894"
"A.J. Puk","SP","25.9916666",1,-1,"Long",,,-1,"19343"
"Tahnaj Thomas","SP","21.85",2,2,"Short",,-2,2,"sa3003066"
"Hunter Greene","SP","21.7111111",2,2,"Long",,,-1,"sa3005315"
"Nick Lodolo","SP","23.2138888",2,1,"Long",,1,1,"sa917947"
"Heston Kjerstad","RF","22.1944444",1,,"Med",50,1,,"sa3014439"
"Trevor Rogers","SP","23.4416666",2,1,"Long",,1,1,"22286"
"Oneil Cruz","SS","22.55",2,1,"Long",80,-1,,"sa917318"
"Shane Baz","SIRP","21.8472222",2,1,"Med",,,,"sa3004765"
"Taylor Walls","SS","24.7833333",,,"Short",50,1,,"sa915802"
"Josh Jung","3B","23.1944444",2,,"Med",55,1,,"sa3011468"
"Slade Cecconi","SP","21.8277777",2,1,"Long",,-1,-1,"sa3014739"
"Matthew Liberatore","SP","21.4611111",2,1,"Long",,,,"sa3008163"
"Liover Peguero","SS","20.3111111",,2,"Short",55,,,"sa3005582"
"Brailyn Marquez","SIRP","22.2277777",-1,-1,"Med",,,-2,"21896"
"Bo Naylor","C","21.1694444",,1,"Med",55,1,,"sa3008247"
"Corbin Martin","SP","25.3166666",,2,"Short",,1,1,"19884"
"Miguel Yajure","SP","22.975",-1,,"Med",,1,1,"21111"
"Andy Pages","CF","20.3722222",1,1,"Med",45,1,,"sa3005625"
"Jacob Amaya","SS","22.6361111",,1,"Short",50,1,,"sa3005081"
"Shane McClanahan","MIRP","23.9833333",,,"Long",,,-1,"sa3008547"
"Hunter Brown","SP","22.6472222",1,1,"Med",,,1,"sa3010571"
"Leody Taveras","CF","22.6222222",2,1,"Med",60,-1,,"18900"
"Seth Johnson","SP","22.5916666",,1,"Long",,-1,1,"sa3011342"
"Brendan McKay","SP","25.3444444",,1,"Short",,,1,"20186"
"Yerry Rodriguez","SP","23.5194444",,1,"Short",,,-2,"sa918130"
"Travis Swaggerty","CF","23.675",,1,"Short",60,-1,,"sa3007512"
"Blake Hunt","C","22.45",,,"Med",60,,,"sa3004153"
"Aaron Ashby","MIRP","22.9111111",,,"Long",,,,"sa3007225"
"Matt Canterino","MIRP","23.3555555",-1,-1,"Long",,,,"sa3011530"
"Kevin Alcantara","CF","18.7777777",2,2,"Long",55,-1,,"sa3008752"
"Mark Vientos","3B","21.3638888",2,1,"Long",60,1,,"sa3004720"
"Heriberto Hernandez","LF","21.35",-1,-1,"Short",45,1,,"sa3005630"
"Ezequiel Duran","2B","21.9166666",-1,-1,"Med",45,1,,"sa3005271"
"Reginald Preciado","3B","17.9333333",,1,"Long",55,,,"sa3014702"
"Dillon Dingler","C","22.5972222",1,1,"Short",55,,,"sa3014528"
"Bryan Mata","MIRP","21.9694444",-1,-1,"Med",,1,-2,"sa917784"
"Gilberto Jimenez","CF","20.7888888",,2,"Short",60,,,"sa3005507"
"Jairo Solis","SP","21.3333333",1,1,"Long",,,,"sa3003037"
"Alek Manoah","SP","23.2861111",,,"Short",,1,,"sa3011725"
"Brett Baty","3B","21.4416666",1,-1,"Med",50,1,,"sa3010869"
"Jackson Rutledge","SP","22.0583333",,,,,,,"sa3011338"
"Clarke Schmidt","SP","25.1722222",,1,"Long",,1,-2,"19899"
"Yoendrys Gomez","SP","21.5194444",,,"Long",,1,1,"sa3004650"
"Antonio Gomez","C","19.4416666",,1,"Short",80,,,"sa3008746"
"Patrick Bailey","C","21.8972222",,-1,"Med",55,2,,"sa3014442"
"Hunter Bishop","CF","22.825",1,1,"Med",40,,,"sa3011413"
"Kyle Harrison","SP","19.6944444",1,,"Long",,,,"sa3014513"
"Austin Hendrick","RF","19.8527777",2,1,"Med",55,,,"sa3014521"
"Lyon Richardson","SP","21.2611111",,1,"Short",,,,"sa3007727"
"Blake Walston","SP","19.8166666",1,1,"Long",,,2,"sa3011814"
"Jordan Walker","3B","18.9166666",2,1,"Long",55,,,"sa3014464"
"Ryan Pepiot","MIRP","23.6694444",1,,"Med",,,,"sa3011244"
"Clayton Beeter","SIRP","22.5361111",,-1,"Long",,,2,"sa3014536"
"Bobby Miller","SP","22.0472222",1,1,"Long",,,-1,"sa3014422"
"Aaron Bracho","2B","19.9944444",-1,-1,"Short",45,,,"sa3010018"
"Gabriel Arias","SS","21.1527777",1,2,"Med",70,,,"sa3004047"
"Michael Harris","CF","20.125",,2,"Short",60,1,1,"sa3010684"
"Shea Langeliers","C","23.4277777",,1,"Short",60,1,,"sa3010329"
"William Contreras","C","23.3277777",1,1,"Long",45,,,"20503"
"Francisco Morales","SIRP","21.4861111",1,1,"Med",,1,-1,"sa3004581"
"Johan Rojas","CF","20.6888888",2,2,"Med",60,1,,"sa3005784"
"Carlos Colmenarez","SS","17.4361111",1,1,"Long",60,1,,
"Greg Jones","CF","23.125",1,2,"Med",55,,,"sa3010151"
"JJ Goss","SP","20.325",,,"Med",,,,"sa3011420"
"Gunnar Henderson","3B","19.8138888",1,,"Med",60,1,,"sa3011484"
"Ryan Vilade","LF","22.1777777",,-1,"Med",40,1,,"sa3004256"
"Brennan Malone","SP","20.6222222",,1,"Med",,,,"sa3011741"
"Parker Meadows","CF","21.4722222",2,1,"Long",60,,,"sa3007943"
"Cristian Santana","SS","17.4083333",-1,,"Short",50,1,,
"Isaac Paredes","3B","22.1777777",-2,-2,"Med",50,2,,"20036"
"Noah Song","SP","23.9",,2,"Short",,-1,,"sa3011695"
"Joey Wentz","SP","23.5444444",2,1,"Long",,1,1,"sa917946"
"Tanner Houck","MIRP","24.8138888",1,,"Long",,1,,"19879"
"Jarren Duran","CF","24.6305555",,1,"Med",40,2,,"sa3006786"
"Connor Seabold","SP","25.2444444",,,"Short",,,1,"sa829464"
"Ronaldo Hernandez","C","23.4472222",-1,-1,"Long",70,,,"sa881850"
"Bobby Dalbec","3B","25.8138888",1,1,"Long",70,,,"19966"
"Korey Lee","C","22.7416666",1,1,"Med",70,,,"sa3010034"
"Luis Garcia","SP","24.3583333",,,"Med",,,,"23735"
"Aaron Sabato","1B","21.8833333",-1,-2,"Short",50,2,,"sa3014494"
"Bryan Abreu","SIRP","24",,,"Long",,,,"16609"
"Misael Urbina","CF","18.9861111",,1,"Short",45,,,"sa3008743"
"Pedro Leon","SS/CF","22.9",-1,1,"Short",80,,,
"Gilberto Celestino","CF","22.1916666",1,2,"Med",60,,,"sa914313"
"Colin Barber","CF","20.3833333",,1,"Short",40,,,"sa3010696"
"Keoni Cavaco","3B","19.8888888",2,1,"Long",55,,,"sa3010706"
"Miguel Hiraldo","3B","20.6305555",-1,1,"Short",55,,,"sa3005486"
"Pete Crow-Armstrong","CF","19.075",,1,"Med",50,,,"sa3014458"
"J.T. Ginn","SP","21.9222222",,,"Med",,,,"sa3014428"
"Khalil Lee","RF","22.8222222",,1,"Long",60,1,,"sa917996"
"Jared Kelley","SP","19.5527777",-2,-1,"Long",,1,-1,"sa3014471"
"Cade Cavalli","SP","22.6888888",,1,,,,,"sa3014421"
"Yasel Antuna","3B","21.4888888",1,,"Med",55,,,"sa962601"
"Alexander Vizcaino","SIRP","23.9166666",1,1,"Long",,1,-2,"sa920272"
"Austin Wells","RF","21.7777777",1,,"Med",40,2,,"sa3014440"
"Luis Gil","SIRP","22.8861111",1,1,"Long",,1,1,"sa877821"
"Anthony Volpe","SS","19.9833333",,,"Short",55,,,"sa3010868"
"Luis Toribio","3B","20.5666666",-1,-1,"Short",55,1,,"sa3005541"
"Seth Corry","MIRP","22.4694444",-1,-1,"Med",,1,-1,"sa3004648"
"Will Wilson","2B","22.7527777",-1,-1,"Short",50,,,"sa3009871"
"Tristan Beck","SP","24.8277777",,,"Med",,1,1,"sa3008526"
"Alexander Canario","RF","20.9583333",,1,"Med",60,,,"sa3003316"
"Jonathan India","3B","24.3527777",-1,,"Short",55,,,"21523"
"Tyler Callihan","2B","20.8333333",-1,-1,"Med",50,1,,"sa1169610"
"Rece Hinds","RF","20.6305555",2,,"Long",60,,,"sa1169587"
"Michael Siani","CF","21.7666666",,1,"Med",60,,,"sa3008182"
"Drey Jameson","SP","23.6805555",,1,"Long",,,-1,"sa3011652"
"Bryce Jarvis","SP","23.3222222",1,,"Med",,1,1,"sa3014437"
"Pavin Smith","1B","25.2111111",,-1,"Med",45,1,,"19892"
"Ryne Nelson","MIRP","23.225",1,,"Med",,,1,"sa3011524"
"Tommy Henry","SP","23.7305555",1,,"Long",,1,,"sa3011673"
"Matt Tabor","SP","22.7722222",1,1,"Long",,1,,"sa3005334"
"Zack Thompson","SP","23.4833333",,,"Med",,,,"sa3011128"
"Masyn Winn","SIRP/SS","19.0861111",,2,"Med",70,-1,-1,"sa3014506"
"Johan Oviedo","MIRP","23.1388888",2,-1,"Long",,-1,,"22487"
"Wilman Diaz","SS","17.4361111",-1,1,"Short",50,2,,
"Kody Hoese","3B","23.775",,1,"Med",50,,,"sa3010021"
"Diego Cartaya","C","19.625",1,1,"Long",60,-1,,"sa3008742"
"Alex De Jesus","3B","19.0833333",1,1,"Med",60,,,"sa3008842"
"Miguel Vargas","1B","21.4305555",-1,-1,"Med",55,1,,"sa3006896"
"Andre Jackson","SP","24.975",,1,"Long",,,,"sa829605"
"Zach McKinstry","2B","25.9805555",,1,"Short",45,1,,"19392"
"Lenny Torres","SP","20.5194444",1,2,"Short",,-1,,"sa3008329"
"Angel Martinez","SS","19.25",,2,"Short",60,,,"sa3008762"
"Ethan Hankins","SP","20.9138888",1,,"Long",,,-1,"sa3008589"
"Sam Hentges","SIRP","24.7611111",,-1,"Long",,,,"18548"
"Owen Miller","SS","24.4361111",-1,-1,"Short",55,1,,"sa3006673"
"Carlos Vargas","SIRP","21.525",1,,"Med",,,-1,"sa3007467"
"Daniel Johnson","RF","25.7805555",,2,"Short",80,1,,"19643"
"Joey Cantillo","SP","21.3444444",1,,"Long",,1,2,"sa3005246"
"Kyle Muller","MIRP","23.5416666",2,1,"Long",,,-1,"sa917931"
"Alex Jackson","C","25.325",,-1,"Med",60,1,,"17276"
"Bryse Wilson","SP","23.3388888",-1,,"Short",,1,1,"19990"
"Jared Shuster","SP","22.7194444",1,,"Med",,1,1,"sa3014483"
"Bryson Stott","SS","23.5444444",-1,,"Long",50,1,,"sa3011443"
"Rafael Marchan","C","22.1583333",,1,"Short",55,1,,"21646"
"Erik Miller","SP","23.1916666",,,"Med",,1,1,"sa3011336"
"Mickey Moniak","CF","22.9416666",,,"Med",50,,,"19956"
"Luis Garcia","SS","20.5027777",-1,1,"Short",60,,,"sa3007295"
"Simon Muzziotti","CF","22.3194444",-1,1,"Short",55,,,"sa917376"
"Drew Strotman","SP","24.6361111",1,,"Med",,,1,"sa3004584"
"Joe Ryan","MIRP","24.8805555",,,"Short",,2,1,"sa3007584"
"Ford Proctor","C","24.3833333",,,"Med",50,1,,"sa876187"
"Alejandro Pie","SS","19.2277777",2,1,"Long",60,,,"sa3008754"
"Cole Wilcox","SP","21.7722222",,-1,"Med",,,-1,"sa3014443"
"Nick Bitsko","SP","18.85",2,1,"Long",,,1,"sa3014476"
"Jose Salas","SS","17.9888888",2,,"Med",50,,,"sa3014690"
"Peyton Burdick","RF","24.1555555",,1,"Med",60,2,,"sa3009876"
"Nick Neidert","SP","24.4222222",-1,1,"Short",,1,1,"18699"
"Jesus Sanchez","RF","23.5416666",1,1,"Long",60,,,"19913"
"Kameron Misner","CF","23.2888888",,1,"Med",55,,,"sa3011656"
"Jerar Encarnacion","DH","23.5",,,,55,,,"sa943817"
"Nasim Nunez","SS","20.6777777",,2,"Short",60,,,"sa3010695"
"Lewin Diaz","1B","24.425",1,1,"Long",50,,,"18365"
"Ryan McKenna","CF","24.1888888",,1,"Short",50,1,,"19928"
"Jordan Westburg","2B","22.1777777",,-1,"Med",45,2,,"sa3014499"
"Terrin Vavra","2B","23.9444444",-1,2,"Short",50,1,,"sa3007643"
"Drew Romo","C","19.6472222",2,1,"Med",70,-1,,"sa3014522"
"Dean Kremer","SP","25.2916666",,,"Med",,1,1,"19350"
"Michael Toglia","1B","22.6833333",1,-1,"Med",55,1,,"sa3010393"
"Michael Baumann","SP","25.6166666",,-1,"Long",,1,-2,"sa829681"
"Chris McMahon","SP","22.2166666",1,,"Long",,1,-1,"sa3014429"
"Kyle Stowers","RF","23.3055555",1,1,"Long",60,1,,"sa1115829"
"Brenton Doyle","CF","22.9388888",2,1,"Med",55,1,,"sa3009965"
"Colton Welker","3B","23.5361111",-1,-1,"Med",50,1,,"sa917962"
"Ji-Hwan Bae","SS","21.7388888",,1,"Med",55,1,,"sa3006895"
"Hudson Head","CF","20.0388888",,2,"Med",55,,,"sa3010889"
"Cody Bolton","SP","22.8416666",,,"Long",,,-2,"sa3004975"
"Roansy Contreras","SP","21.4583333",,1,"Long",,1,1,"sa3003020"
"Canaan Smith-Njigba","LF","21.9777777",-1,,"Med",45,1,,"sa3004279"
"Jared Jones","SIRP","19.7111111",,2,"Short",,-1,,"sa3014459"
"Rodolfo Nolasco","OF","19.5805555",1,,"Long",55,,,"sa3008907"
"Jared Oliva","CF","25.4027777",1,1,"Med",50,,,"19968"
"Endy Rodriguez","C","20.9611111",,1,"Med",50,,,"sa3008272"
"Mason Martin","1B","21.8888888",-1,-2,"Med",45,1,,"sa3004885"
"Jose Soriano","SIRP","22.5055555",1,-1,"Long",,-1,-1,"sa916702"
"Luis Oviedo","MIRP","21.9361111",1,-1,"Long",,,,"21728"
"Cal Mitchell","RF","22.1222222",-1,1,"Med",45,,,"sa3004258"
"Eddy Yean","SP","19.825",-1,1,"Med",,,1,"sa3006543"
"Sammy Siani","CF","20.3555555",-1,1,"Med",40,,,"sa3010704"
"Nick Mears","SIRP","24.5416666",,-1,"Long",,,,"25376"
"Alex Lange","SIRP","25.5555555",,,"Med",,,,"19883"
"Daniel Cabrera","LF","22.6305555",-1,,"Short",50,2,,"sa3014452"
"Nick Quintana","3B","23.525",,1,"Short",55,1,,"sa3010390"
"Eduard Bazardo","SIRP","25.6416666",1,1,"Long",,,-1,"20997"
"Brayan Bello","SIRP","21.9305555",,1,"Long",,,-1,"sa3005436"
"Jay Groome","SP","22.6638888",-1,,"Long",,-2,,"sa917925"
"Thad Ward","MIRP","24.2666666",1,1,"Long",,-1,-1,"sa3008098"
"Aldo Ramirez","SP","19.9611111",-1,1,"Med",,1,2,"sa3005371"
"Nick Yorke","2B","19.0555555",-1,,"Med",30,1,,"sa3014546"
"Jeisson Rosario","CF","21.5",1,2,"Med",60,,,"sa3004146"
"Peter Solomon","SP","24.6833333",,,"Long",,,,"20476"
"Brent Rooker","1B","26.475",-1,-1,"Med",35,,,"19627"
"Tyler Ivey","MIRP","24.9444444",,-1,"Long",,,,"sa3004574"
"Josh Winder","SP","24.5305555",,1,"Short",,,,"sa3007993"
"Forrest Whitley","MIRP","23.6027777",1,-1,"Long",,-2,-1,"sa917930"
"Cole Sands","SP","23.7638888",,,"Med",,,,"sa3008611"
"Freudis Nova","2B","21.2777777",,,"Long",70,,,"sa3003195"
"Matt Wallner","RF","23.3611111",,,"Med",60,,,"sa918808"
"Shawn Dubin","SIRP","25.6277777",,,"Long",,,,"sa3007248"
"CJ Van Eyk","SP","22.6027777",,1,"Med",,,-1,"sa3014713"
"Rikelvin De Castro","SS","18.2472222",1,1,"Med",55,,,"sa3014714"
"Julian Merryweather","SIRP","29.5222222",1,,"Med",,1,1,"16703"
"Alexander Ramirez","CF","18.275",2,1,"Long",55,-1,,"sa3014695"
"Thomas Szapucki","MIRP","24.8611111",-1,-1,"Short",,,-1,"sa875054"
"Zack Burdi","SIRP","26.1194444",1,-1,"Med",,,-1,"19159"
"Benyamin Bailey","RF","19.5944444",2,1,"Long",50,1,,"sa3009343"
"Jose Rodriguez","SS","19.9416666",-1,1,"Short",50,1,,"sa3005788"
"Andry Lara","SP","18.2944444",,1,,,,,"sa3014716"
"Micker Adolfo","DH","24.6138888",,-1,"Med",50,,,"sa830303"
"Jeremy De La Rosa","RF","19.2666666",,,,50,,,"sa3011329"
"Seth Romero","MIRP","25.0083333",,,,,,,"21333"
"Matt Cronin","SIRP","23.5888888",,-1,,,,,"sa3011463"
"Cole Henry","SIRP","21.7694444",,,,,,,"sa3014446"
"T.J. Sikkema","SP","22.7416666",-1,-1,"Long",,2,1,"sa3011191"
"Oswaldo Cabrera","2B","22.1416666",-1,1,"Short",50,1,,"sa916954"
"Fidel Montero","RF","17.3416666",1,1,"Long",70,,,
"Everson Pereira","CF","20.0333333",,1,"Med",55,,,"sa3007034"
"Ricardo Genoves","C","21.9388888",1,,"Long",60,,,"sa916844"
"Casey Schmitt","3B","22.1416666",,1,"Med",60,1,,"sa3014484"
"Nick Swiney","SP","22.1944444",,,"Med",,1,1,"sa3014542"
"Jairo Pomares","CF","20.7166666",,,"Med",45,1,,"sa3010023"
"Blake Rivera","SIRP","23.2861111",-1,1,"Med",,,-1,"sa3008261"
"Sean Hjelle","SP","23.9583333",1,1,"Long",,1,1,"sa3007989"
"Kervin Castro","SIRP","22.2083333",-2,-1,"Short",,,1,"sa916834"
"Christian Roa","SP","22.0555555",,,"Med",,1,1,"sa3014477"
"Jared Solomon","SIRP","23.8666666",2,1,"Long",,1,1,"sa3004589"
"Ivan Johnson","2B","22.5305555",1,1,"Med",45,-1,,"sa1169627"
"Tony Santillan","SIRP","24.0194444",-1,-1,"Med",,,-1,"sa874781"
"Levi Kelly","MIRP","21.9388888",1,,"Long",,1,-1,"sa3008500"
"Luis Frias","SIRP","22.9138888",1,-1,"Med",,,,"sa917588"
"Seth Beer","DH","24.5944444",-1,-2,"Med",45,1,,"sa3006658"
"Wilderd Patino","CF","19.7611111",,1,"Med",60,,,"sa3007874"
"Jhosmer Alvarez","SIRP","19.8138888",,-1,"Med",,,-1,"sa3005437"
"Justin Martinez","SP","19.7277777",1,,"Med",,,-1,"sa3005864"
"Manuel Pena","3B","17.3805555",1,1,"Med",50,,,
"Jhon Torres","RF","21.0638888",2,1,"Long",60,,,"sa3003233"
"Luken Baker","1B","24.1166666",,-1,"Long",60,,,"sa3008267"
"Tre Fletcher","CF","19.9777777",1,1,"Med",55,-1,,"sa3010709"
"Tink Hence","SP","18.7111111",1,1,"Med",,1,2,"sa3014709"
"Ian Bedell","SP","21.6305555",,-1,"Med",,2,1,"sa3014538"
"Michael Grove","MIRP","24.3444444",,,"Short",,,2,"sa3008625"
"Gerardo Carrillo","SIRP","22.6083333",1,-1,"Med",,-1,-2,"sa3002790"
"Jesus Galiz","C","17.3694444",,,"Med",60,,,
"Luis Rodriguez","CF","18.6",,1,"Med",55,,,"sa3014689"
"Robinson Ortiz","MIRP","21.3",-1,,"Long",,,-1,"sa3004006"
"Emmanuel Clase","SIRP","23.0944444",,1,"Med",,,,"21032"
"Carson Tucker","SS","19.2444444",1,2,"Med",60,-1,,"sa3014470"
"Tanner Burns","SP","22.3166666",-1,,"Short",,1,,"sa3014451"
"Logan Allen","SP","22.6305555",-1,1,"Short",,2,1,"sa3014444"
"Petey Halpin","CF","18.9055555",,1,"Med",60,1,,"sa3014461"
"Junior Sanquintin","SS","19.2888888",,1,"Med",60,,,"sa3010863"
"Bryce Ball","1B","22.7888888",1,-1,"Long",45,2,,"sa1170451"
"Nick Mikolajchak","SIRP","23.4194444",,,"Med",,,,"sa3010303"
"Braden Shewmake","SS","23.425",1,,"Long",55,1,,"sa3010332"
"Josh Wolf","SIRP","20.6416666",-1,1,"Long",,,-1,"sa3011638"
"Tucker Davidson","MIRP","25.075",-1,,"Med",,,,"19871"
"Cody Morris","MIRP","24.4666666",,-1,"Med",,,,"sa3008653"
"Freddy Tarnok","SP","22.4111111",,1,"Med",,,,"sa3005175"
"Gabriel Rodriguez","3B","19.1666666",1,,"Med",60,,,"sa3008744"
"Casey Martin","SS","22.0416666",,2,"Short",55,,,"sa3014524"
"Bailey Falter","SP","23.9944444",1,,"Long",,,2,"20070"
"JoJo Romero","MIRP","24.5916666",-1,1,"Short",,,1,"19574"
"Yhoswar Garcia","CF","19.6083333",2,1,"Short",,,,
"Jamari Baylor","2B","20.7138888",,1,"Short",55,,,"sa3011446"
"Ian Seymour","MIRP","22.3583333",,,"Long",,,,"sa3014512"
"Kevin Padlo","3B","24.7694444",,-1,"Med",50,1,,"16593"
"Taj Bradley","SP","20.0888888",1,1,"Med",,,1,"sa3007839"
"Osleivis Basabe","SS","20.6083333",-1,1,"Short",55,,,"sa3006594"
"Osiris Johnson","3B","20.5111111",,1,"Long",50,,,"sa3008110"
"Eury Perez","SP","18.0194444",2,1,"Long",,,1,
"Dax Fulton","SP","19.5166666",1,,"Long",,,,"sa3014535"
"Connor Scott","CF","21.5388888",,1,"Long",60,,,"sa3008080"
"Yiddi Cappe","SS","18.6805555",2,1,"Long",60,-1,,
"Kyle Nicolas","SIRP","22.1666666",,,"Long",,,,"sa3014523"
"Monte Harrison","CF","25.7",2,2,"Long",70,,,"17216"
"Victor Mesa Jr.","CF","19.6222222",,1,"Short",50,,,"sa3010700"
"Coby Mayo","RF","19.3666666",2,,"Long",60,1,,"sa3014479"
"Ian Lewis","2B","18.2166666",,2,"Med",50,,,"sa3014691"
"Jahmai Jones","2B","23.7166666",,1,"Short",45,,,"18872"
"Adael Amador","SS","18.0305555",1,1,"Med",60,-1,,"sa3014682"
"Anthony Servideo","SS","22.1138888",,1,"Med",55,,,"sa3014472"
"Helcris Olivarez","SP","20.7055555",1,1,"Long",,-1,1,"sa3002965"
"Adam Hall","SS","21.9166666",-1,1,"Med",55,1,,"sa3005077"
"Aaron Schunk","3B","23.7444444",,1,"Med",60,1,,"sa3009957"
"Sam Weatherly","SP","21.9",1,2,"Long",,-1,,"sa3014455"
"Ryan Rolison","SP","23.7805555",,,"Med",,,,"sa3008244"
"Lucas Gilbreath","SIRP","25.1305555",-1,,"Med",,,1,"sa829720"
"Julio Carreras","SS","21.2777777",1,1,"Long",60,,,"sa3005598"
"Maikol Escotto","2B","18.8833333",,1,"Short",60,,,"sa3008878"
"Carmen Mlodzinski","SP","22.175",-1,,"Med",,1,,"sa3014505"
"Kyle Bradish","SIRP","24.6111111",1,,"Med",,,,"sa3008605"
"Alexander Wells","SP","24.1527777",-1,,"Med",,2,1,"sa919319"
"Michael Burrows","SIRP","21.4555555",1,,"Long",,,,"sa3008517"
"Nick Garcia","SP","22.0055555",,1,"Short",,,1,"sa3014501"
"Wil Crowe","MIRP","26.6194444",-1,-1,"Med",,,-1,"19800"
"Steven Jennings","SP","22.4416666",,1,"Med",,-1,1,"sa3004812"
"David Bednar","SIRP","26.5333333",-1,-1,"Med",,,-1,"19569"
"Austin Roberts","SP","22.7361111",-1,,"Med",,,,"sa3010254"
"Rodolfo Castro","2B","21.9194444",1,1,"Long",50,,,"21987"
"Blake Cederlind","SIRP","25.3",1,-1,"Med",,,-1,"20344"
"Santiago Florez","SIRP","20.9527777",1,-1,"Long",,,1,"sa3003026"
"Wenceel Perez","SS","21.4777777",-1,1,"Short",55,1,,"sa3003326"
"Sergio Campana","CF","19.0638888",1,1,"Long",50,,,"sa3009834"
"Trei Cruz","2B","22.7972222",,,"Short",45,1,,"sa3014420"
"Max Kranick","SP","23.7527777",,-1,"Long",,-1,-1,"sa919118"
"Adinso Reyes","3B","19.5",,-1,"Med",70,,,"sa3008750"
"Jared Triolo","3B","23.2055555",,-1,"Med",55,,,"sa3010272"
"Alex Faedo","SP","25.4444444",,-1,"Long",,1,-1,"sa829855"
"Jack Herman","RF","21.5611111",,,"Short",60,,,"sa3007877"
"Akil Baddoo","CF","22.6833333",1,1,"Med",40,,,"22168"
"Lolo Sanchez","CF","21.9972222",,1,"Med",55,-1,,"sa917767"
"Roberto Campos","RF","17.8555555",1,,"Med",50,,,"sa3014683"
"Shalin Polanco","CF","16.4055555",1,-1,"Long",,,,
"Gage Workman","3B","21.4944444",2,1,"Long",55,-2,,"sa3014441"
"Zack Short","SS","25.8972222",,,"Short",50,1,,"19562"
"Bryant Packard","LF","23.5444444",1,-1,"Long",40,1,,"sa3010590"
"Brainer Bonaci","3B","18.7861111",-1,-1,"Med",70,1,,"sa3008836"
"Colt Keith","SS","19.6888888",1,,"Med",55,,,"sa3014474"
"Hudson Potts","3B","22.4833333",1,-1,"Med",55,1,,"sa917936"
"Jake Rogers","C","26.0111111",,1,"Med",70,,,"19452"
"Connor Wong","C","24.925",,1,"Med",50,,,"sa873978"
"Paul Richan","SP","24.0722222",,,"Short",,1,1,"sa3008025"
"Eduardo Lopez","CF","18.9555555",,1,"Med",55,,,"sa3009275"
"Daz Cameron","CF","24.2694444",,1,"Med",55,,,"18353"
"Blaze Jordan","1B","18.3416666",-2,-1,"Med",50,2,,"sa3014537"
"Jason Foley","SIRP","25.475",-1,,"Long",,1,-1,"sa915677"
"Juan Chacon","CF","18.3833333",2,1,"Med",55,-1,,"sa3014676"
"Zack Hess","SIRP","24.1583333",,,"Long",,,-1,"sa3010777"
"Cameron Cannon","2B","23.5166666",-1,-1,"Short",50,1,,"sa3011467"
"Ryan Kreidler","3B","23.4444444",-1,,"Med",55,1,,"sa3010587"
"Nick Decker","RF","21.5555555",,1,"Med",50,-2,,"sa3008590"
"Kody Clemens","2B","24.9361111",1,-1,"Med",50,,,"sa3008002"
"Frank German","RHP","23.5833333",,,"Med",,,-1,"sa3007729"
"Jack Kenley","2B","23.5388888",-1,,"Short",50,1,,"sa3010718"
"Jacob Wallace","SIRP","22.6916666",,1,"Long",,,-1,"sa3010374"
"Wilkel Hernandez","SP","22.025",2,,"Long",,,1,"sa918026"
"Brendan Cellucci","SIRP","22.8111111",2,,"Med",,,-1,"sa3011710"
"Matthew Lugo","SS","19.9527777",1,1,"Long",55,-1,,"sa1169598"
"Bryan Gonzalez","RF","19.5944444",1,,"Long",45,,,"sa3008805"
"Garrett Whitlock","MIRP","24.8638888",1,,"Long",,1,,"20191"
"Durbin Feltman","SIRP","24.0111111",-1,1,"Med",,,1,"sa3007959"
"Miguel Bleis","RF","17.1416666",1,1,"Long",55,,,
"Chih-Jung Liu","SIRP","22.0416666",-1,1,"Med",,-1,-1,"sa3014675"
"Alerick Soularie","2B","21.7972222",-1,1,"Short",45,1,,"sa3014436"
"Jordan Brewer","CF","23.725",,1,"Med",60,,,"sa3011737"
"Blayne Enlow","MIRP","22.0861111",,,"Med",,,,"sa3005117"
"Alex Santos II","SP","19.2",,,"Med",,,,"sa3014684"
"Chris Vallimont","SP","24.0944444",,,,,,,"sa3008026"
"Grae Kessinger","SS","23.6583333",,,"Long",55,,,"sa3010327"
"Emmanuel Rodriguez","CF","18.1444444",1,1,"Med",50,,,"sa3014693"
"Nivaldo Rodriguez","SP","24.0166666",,,"Med",,,,"22449"
"Jose Miranda","2B","22.8138888",-1,,"Short",55,-1,,"sa917952"
"Chas McCormick","RF","26.0083333",,,"Short",50,,,"19599"
"Edwar Colina","SIRP","23.9694444",-2,-2,"Short",,1,-1,"20589"
"Dauri Lorenzo","SS","18.4805555",,1,"Short",50,,,"sa3014685"
"Bailey Ober","MIRP","25.7777777",,-1,"Long",,1,,"sa918555"
"Misael Tamarez","SP","21.2666666",,1,"Med",,,,"sa3009632"
"Marco Raya","SP","18.7083333",,2,"Short",,,,"sa3014550"
"Zach Daniels","CF","22.2472222",2,1,"Med",45,,,
"Ben Rortvedt","C","23.575",2,1,"Med",55,,,"sa917942"
"Austin Hansen","SIRP","24.6583333",,,,,,,"sa3006956"
"Spencer Steer","2B","23.375",,-1,"Med",50,,,"sa3010586"
"Jojanse Torres","SIRP","25.7166666",,,,,,,"sa3006955"
"Jovani Moran","SIRP","23.9944444",-1,-1,"Long",,1,-1,"sa875188"
"Luis Santana","2B","21.7555555",-2,-1,"Short",50,,,"sa921577"
"Danny De Andrade","SS","17.0333333",1,,"Med",50,,,
"Will Holland","2B","23.0111111",1,2,"Med",55,-1,,"sa3011204"
"Travis Blankenhorn","2B","24.7194444",,-2,"Short",50,,,"18395"
"Edouard Julien","LF","21.9777777",,-1,"Med",40,,,"sa3014445"
"Adam Kloffenstein","SP","20.6583333",,-1,"Long",,,,"sa3008578"
"Kevin Smith","SS","24.8",,,"Med",55,,,"sa915864"
"Estiven Machado","2B","18.55",,2,"Short",50,,,"sa3014715"
"Eric Pardinho","SP","20.2972222",-1,,"Short",,-1,,"sa968102"
"Joey Murray","MIRP","24.5805555",,,"Long",,1,1,"sa3007234"
"Leonardo Jimenez","SS","19.9305555",1,1,"Med",55,1,,"sa3006891"
"Manuel Beltre","SS","16.8694444",-1,,"Short",50,2,,
"Riley Adams","C","24.8222222",2,,"Long",55,,,"sa829749"
"Shervyen Newton","SS","21.9944444",2,1,"Long",55,-1,,"sa917119"
"Jackson Rees","SIRP","26.7277777",-1,-2,"Long",,1,-2,"sa3007818"
"Jaylen Palmer","3B","20.7277777",2,1,"Long",55,-1,,"sa3008297"
"Dasan Brown","CF","19.575",2,1,"Long",50,-1,,"sa3011717"
"Junior Santos","SP","19.6833333",2,-1,"Long",,,,"sa3005470"
"Otto Lopez","2B","22.5583333",,1,"Med",45,1,,"sa3004268"
"Ryley Gilliam","SIRP","24.6972222",,,"Med",,1,-1,"sa3008225"
"Trent Palmer","MIRP","22.0527777",-1,-1,"Short",,,-1,"sa3014491"
"Franklyn Kilome","SIRP","25.825",1,-1,"Long",,,-1,"17861"
"Will Robertson","RF","23.3222222",,-1,"Med",50,1,,"sa3009879"
"Sam McWilliams","SIRP","25.6333333",1,-1,"Long",,,-1,"sa829124"
"Robert Dominguez","SP","19.3944444",1,,"Long",,,,"sa3014694"
"Freddy Valdez","RF","19.3777777",1,,"Short",45,1,,"sa3009190"
"Jose Butto","SP","23.0916666",,1,"Med",,,1,"sa3003166"
"Joshua Cornielly","SP","20.2694444",,1,"Med",,,1,"sa3005890"
"Carlos Cortes","2B","23.8111111",-1,-1,"Short",40,2,,"sa3008079"
"Jordany Ventura","SP","20.7944444",,1,"Med",,,1,"sa3008542"
"Matthew Thompson","SP","20.6972222",1,1,"Med",,,1,"sa3011866"
"Andrew Dalquist","SP","20.4416666",1,1,"Med",,,,"sa3011841"
"Jonathan Stiever","SP","23.9444444",,-1,"Med",,,,"24584"
"Bryan Ramos","3B","19.1111111",1,1,"Med",60,,,"sa3010024"
"Israel Pineda","C","21.0527777",,,,45,,,"sa3004385"
"Norge Vera","RHP","20.8916666",1,1,"Med",,,1,
"Tim Cate","SIRP","23.5611111",,2,,,,,"sa3007926"
"Yermin Mercedes","DH","28.1888888",-1,-1,"Short",45,1,,"17423"
"Sammy Infante","2B","19.8333333",,1,,45,,,"sa3014717"
"Luis Gonzalez","RF","25.6166666",,,"Short",50,,,"20332"
"Armando Cruz","SS","17.2666666",-1,1,"Short",50,,,
"Blake Rutherford","LF","23.9722222",1,,"Long",40,,,"sa917932"
"Joan Adon","SIRP","22.6944444",,,,,,,"sa3002614"
"Yolbert Sanchez","SS","24.1361111",,1,"Med",60,-1,,"sa3011471"
"Drew Mendoza","1B","23.5333333",,,,55,,,"sa3011256"
"Kade McClure","MIRP","25.1944444",,-1,"Long",,1,,"sa915622"
"Lenyn Sosa","2B","21.2416666",,-1,"Short",45,,,"sa3004051"
"Seby Zavala","C","27.65",1,,"Med",50,,,"18887"
"James Beard","CF","20.5777777",,1,"Med",40,,,"sa3010038"
"Tyler Johnson","SIRP","25.6694444",,-1,"Med",,,-2,"sa915688"
"Gavin Sheets","1B","24.9972222",-1,-1,"Med",40,,,"sa829797"
"Josh Smith","2B","23.7083333",1,1,"Med",55,,,"sa3011703"
"Ryder Green","RF","20.9638888",1,1,"Med",60,1,,"sa3007875"
"Anthony Seigler","C","21.8388888",,1,"Med",60,-2,,"sa3006894"
"Beck Way","SP","21.7111111",2,1,"Long",,,1,"sa3014462"
"Antonio Cabello","CF","20.475",-1,,"Short",55,,,"sa3005600"
"Matt Sauer","SP","22.2527777",,,"Long",,,-1,"sa3005118"
"Josh Breaux","C","23.5416666",,,"Long",65,,,"sa3008051"
"Nicio Rodriguez","SIRP","21.6361111",2,1,"Long",,,,"sa3011194"
"Anthony Garcia","RF","20.6305555",1,-1,"Med",55,,,"sa3005924"
"Denny Larrondo","SP","18.8944444",1,2,"Long",,,1,"sa3010654"
"Jimmy Glowenke","2B","21.8805555",-1,-1,"Short",50,1,,"sa3014548"
"Trevor Hauver","2B","22.4222222",,-1,"Med",45,1,,"sa3014448"
"R.J. Dabovich","SIRP","22.2805555",,-1,"Med",,,1,"sa3014431"
"Marcos Cabrera","3B","19.5333333",,,"Med",60,,,"sa3008890"
"Prelander Berroa","SIRP","21.0111111",-1,1,"Short",,,,"sa3005069"
"Camilo Doval","SIRP","23.8",,,"Long",,,0,"21992"
"Kai-Wei Teng","SP","22.3916666",-1,,"Med",,,,"sa3007229"
"Dilan Rosario","SS","19.85",1,1,"Med",50,,,"sa3010165"
"Aeverson Arteaga","SS","18.1",1,2,"Med",60,,,"sa3014707"
"Jake Wong","SP","24.6361111",1,,"Med",,,,"sa3008100"
"Grant McCray","CF","20.375",1,2,"Med",55,1,,"sa3010042"
"P.J. Hilson","CF","20.6583333",1,2,"Med",70,-2,,"sa3007048"
"Jackson Miller","C","19.3027777",1,,"Med",50,,,"sa3014529"
"Jose De Leon","MIRP","28.7083333",-1,,"Med",,,-1,"15463"
"Vladimir Gutierrez","MIRP","25.5944444",,1,"Med",,,1,"sa952977"
"Ryan Hendrix","SIRP","26.35",,-1,"Med",,1,-1,"19535"
"Bryce Bonnin","SIRP","22.5305555",1,,"Long",,-1,-1,"sa3014453"
"Riley O'Brien","SIRP","26.2111111",1,1,"Long",,1,1,"sa3004210"
"Allan Cerda","RF","21.4111111",1,1,"Med",60,,,"sa3005504"
"Graham Ashcraft","SIRP","23.1972222",-1,-1,"Long",,-1,,"sa918274"
"TJ Friedl","CF","25.6888888",-1,1,"Short",45,,,"sa943754"
"J.B. Bukauskas","SIRP","24.5305555",-1,1,"Short",,,-2,"20491"
"Conor Grammes","SIRP","23.7583333",1,1,"Med",,-1,-1,"sa3011651"
"Stuart Fairchild","CF","25.0972222",,1,"Short",60,1,,"sa829822"
"Jeferson Espinal","CF","18.875",,1,"Med",45,,,"sa3008793"
"Andy Young","2B","26.95",-1,-1,"Med",50,1,,"19521"
"A.J. Vukovich","1B","19.7555555",1,-1,"Med",55,,,"sa3014525"
"Taylor Widener","SP","26.4944444",,,"Med",,,-1,"19266"
"Humberto Mejia","MIRP","24.1361111",-1,-1,"Short",,,1,"20739"
"Edwin Nunez","SP","19.4638888",1,1,"Med",,-1,1,
"Jon Duplantier","SP","26.7805555",1,,"Med",,,-1,"19546"
"Junior Fernandez","SIRP","24.1388888",,,"Med",,,-1,"18496"
"Alvin Guzman","CF","19.5055555",2,2,"Long",70,-1,,"sa3008748"
"Edmundo Sosa","SS","25.1277777",,1,"Med",50,1,,"17022"
"Liam Norris","SP","19.6916666",-1,-1,"Med",,,,"sa3014543"
"Seth Elledge","SIRP","24.9222222",-1,-1,"Med",,,-1,"19766"
"Matt Peacock","MIRP","27.1527777",1,,"Med",,1,,"20339"
"Kodi Whitley","SIRP","26.1694444",-2,-2,"Med",,1,,"19731"
"Neyfy Castillo","1B","20.1388888",1,1,"Med",45,,,"sa3005544"
"Justin Williams","LF","25.6722222",1,,"Med",50,1,,"15490"
"Josh Green","SP","25.6444444",,,"Med",,,,"sa3006701"
"Alec Burleson","RF","22.4083333",-1,,"Med",60,1,,"sa3014466"
"Juan Yepez","1B","23.175",,,"Med",55,1,,"sa877505"
"Victor Gonzalez","SIRP","25.4333333",,,"Med",,1,-1,"16408"
"Malcom Nunez","1B","20.1194444",-1,-2,"Med",55,1,,"sa3008113"
"Nick Robertson","SIRP","22.7666666",,,"Long",,,1,"sa3011248"
"Jake Woodford","MIRP","24.4833333",1,,"Long",,,-1,"18674"
"Jorbit Vivas","2B","20.1194444",-1,1,"Short",50,,,"sa3005511"
"Kendall Williams","SP","20.6611111",2,,"Long",,,-1,"sa3011674"
"Landon Knack","SIRP","24.2694444",-1,-1,"Long",,2,,"sa3014518"
"Jimmy Lewis","SP","20.4722222",1,-1,"Long",,,-1,"sa3014533"
"Jake Vogel","CF","19.5277777",,2,"Med",55,,,"sa3014473"
"Jerming Rosario","SP","18.9555555",1,1,"Long",,,2,"sa3008678"
"Alex Vesia","SIRP","25.0305555",,,"Long",,,,"25007"
"Carlos Duran","SIRP","19.7277777",,-1,"Long",,,,"sa3006404"
"James Outman","CF","23.9388888",1,1,"Med",55,1,,"sa3007312"
"Sheldon Neuse","3B","26.3666666",,-1,"Short",60,,,"19635"
"Zach Reks","DH","27.4444444",,,"Long",40,,,"sa3004166"
"Brandon Lewis","1B","22.4972222",,-1,"Med",60,,,"sa3010035"
"Edwin Uceta","SP","23.2861111",,1,"Med",,,,"sa921576"
"Cristian Santana","3B","24.1611111",,1,"Med",70,,,"sa829387"
"Cristian Santana","3B","24.1611111",,1,"Med",70,,,"sa829387"
"Omar Estevez","2B","23.1583333",-1,-2,"Short",40,1,,"sa914242"
"Vaughn Grissom","SS","20.2972222",1,1,"Med",55,,,"sa3010711"
"Isaiah Greene","CF","19.6472222",1,,"Long",45,,,"sa3014460"
"Terone Harris","LF","25.2694444",-1,,"Short",40,1,,"sa3006876"
"Hunter Gaddis","MIRP","23.0361111",,,"Med",,,,"sa3010621"
"Jasseel De La Cruz","SIRP","23.8222222",1,,"Long",,,-2,"sa879559"
"Bryan Lavastida","C","22.4027777",,,,45,1,,"sa3006917"
"Victor Vodnik","SIRP","21.5361111",,,"Short",,,-1,"sa3008527"
"Richard Palacios","2B","23.9333333",1,1,"Med",40,,,"sa3006908"
"Jesse Franklin V","CF","22.3916666",,,"Med",40,1,,"sa3014532"
"Jose Tena","SS","20.0888888",1,1,"Med",55,1,,"sa3005482"
"Ambioris Tavarez","3B","17.4444444",,,"Med",50,,,
"Trevor Stephan","SIRP","25.4083333",,,,,,,"19932"
"William Woods","SIRP","22.3138888",,1,"Med",,,,"sa3007256"
"Jose Fermin","SS","22.0638888",-2,,"Short",50,1,,"sa917339"
"Nick Maton","SS","24.1777777",1,1,"Med",60,,,"21635"
"Spencer Strider","SP","22.4833333",,1,"Short",,,1,
"Milan Tolentino","SS","19.4305555",-1,,"Short",55,,,"sa3014544"
"Connor Brogdon","SIRP","26.2305555",1,,"Long",,,-1,"21205"
"Patrick Weigel","SIRP","26.7888888",,-1,"Long",,,-2,"17792"
"Raymond Burgos","MIRP","22.3972222",1,,"Long",,,,"sa918469"
"James McArthur","SP","24.3638888",1,-1,"Med",,,,"sa3007715"
"Ricky DeVito","SP","22.6694444",-1,-1,"Med",,,-1,"sa1116003"
"Bobby Bradley","DH","24.8972222",-1,-2,"Med",50,1,,"17278"
"Gunner Mayer","SP","20.7361111",2,1,"Med",,,2,"sa3011199"
"Bryce Elder","SP","21.925",-1,,"Long",,1,,"sa3014515"
"Alexfri Planez","RF","19.6805555",,,"Long",60,,,"sa3005515"
"Yemal Flores","RF","17.4166666",-1,1,"Short",,,,
"Angel Genao","SS","16.925",1,1,"Med",45,,,
"Eduar Segovia","SP","20.2833333",-1,,"Med",,,-1,"sa3008374"
"Adonis Medina","SP","24.3444444",,2,"Med",,,,"19903"
"Damon Jones","SIRP","26.5611111",1,-1,"Long",,1,-1,"sa3004862"
"Starlyn Castillo","SP","19.1611111",-1,,"Med",,,,"sa3011608"
"Ethan Lindow","SP","22.5194444",,1,"Short",,,,"sa3005028"
"Alika Williams","SS","22.1111111",,1,"Med",55,1,,"sa3014427"
"Jhailyn Ortiz","1B","22.4277777",-2,-1,"Med",60,,,"sa920180"
"Josh Fleming","SP","24.9277777",,1,"Med",,1,1,"20418"
"Rodolfo Duran","C","23.175",,1,"Short",55,,,"sa877500"
"Pedro Martinez","2B","20.2333333",-1,-1,"Med",50,1,,"sa3005795"
"John Doxakis","MIRP","22.6722222",,,"Med",,,,"sa1115967"
"Michael Mercado","SP","22.0194444",2,,"Long",,-2,1,"sa3005024"
"Alexander Alberto","SP","19.4722222",2,,"Long",,,1,
"Curtis Mead","LF","20.4888888",1,1,"Long",50,1,,"sa3008392"
"Neraldo Catalina","SIRP","20.8361111",2,-1,"Med",,-1,1,"sa1172730"
"Hunter Barnhart","SP","19.1888888",1,,"Long",,,1,"sa3014467"
"Tanner Dodson","SIRP/CF","23.9527777",,1,"Med",80,,,"sa3007008"
"Tyler Frank","2B","24.2694444",,,"Med",45,,,"sa3006660"
"Abiezel Ramirez","SS","21.2388888",-1,1,"Long",60,1,,"sa3003282"
"Tommy Romero","MIRP","23.7888888",,,"Med",,1,1,"sa3004469"
"Michael Plassmeyer","SP","24.4638888",-1,,"Med",,,,"sa3006962"
"Evan Fitterer","SP","20.8222222",,,"Long",,,,"sa3011433"
"Jose Devers","2B","21.375",,,"Med",55,,,"20540"
"Braxton Garrett","SP","23.7138888",,1,"Short",,,,"21844"
"Tyler Nevin","1B","23.8972222",,-1,"Med",50,1,,"sa874752"
"Zach McCambley","SP","21.9972222",,,"Med",,,,"sa3014478"
"Zac Lowther","SP","24.9777777",-1,-1,"Med",,1,-1,"20243"
"Zach Pop","SIRP","24.5888888",,,"Long",,,,"20185"
"Yusniel Diaz","RF","24.5416666",,,"Med",55,1,,"sa912848"
"Chris Mokma","SP","20.1972222",,1,"Long",,,,"sa3011750"
"Rylan Bannon","3B","25",,1,"Short",45,1,,"sa3004162"
"Griffin Conine","RF","23.7805555",,,"Med",60,,,"sa876060"
"Cadyn Grenier","SS","24.4777777",-1,1,"Short",60,-1,,"sa3008140"
"Ezequiel Tovar","SS","19.725",,1,"Short",60,,,"sa3008239"
"Diowill Burgos","DH","20.2305555",,,"Med",50,,,"sa3005740"
"Hudson Haskin","CF","22.3111111",,1,"Short",60,,,"sa3014449"
"Elehuris Montero","3B","22.6805555",-1,-1,"Long",55,,,"sa872477"
"Anthony Bender","SIRP","26.2194444",,,"Long",,,,"sa918438"
"Carter Baumler","SP","19.2277777",1,,"Med",,,1,"sa3014480"
"Jameson Hannah","LF","23.7",,,"Short",40,1,,"sa3007046"
"Josh Roberson","SIRP","24.9444444",,1,"Long",,,,"sa3007721"
"Darell Hernaiz","SS","19.7194444",1,1,"Med",55,,,"sa3011309"
"Ryan Feltner","SP","24.6388888",1,-1,"Long",,,-1,"sa3008222"
"Victor Victor Mesa","CF","24.7555555",,1,"Med",70,,,"sa3008602"
"Isaac Mattson","SIRP","25.7722222",1,,"Long",,,,"sa915667"
"Eddy Diaz","2B","21.1888888",,1,"Med",45,1,,"sa3004979"
"Garrett Stallings","SP","23.7055555",,1,"Long",,2,1,"sa3014457"
"Tommy Doyle","SIRP","24.975",,,"Med",,1,,"21281"
"Ramon Urias","2B","26.8861111",-1,-1,"Short",40,1,,"18795"
"Grant Lavigne","1B","21.6527777",1,-1,"Med",50,-1,,"sa3007743"
"Bruce Zimmermann","SP","26.2027777",,1,"Med",,1,,"20370"
"Tony Locey","SIRP","22.7305555",,,"Long",,,,"sa3011123"
"Drew Rom","SP","21.3527777",1,1,"Med",,1,2,"sa3007848"
"Karl Kauffmann","SP","23.6861111",,,"Short",,,-1,"sa3014526"
"Hunter Harvey","SIRP","26.3694444",1,,"Med",,-2,-1,"15507"
"Mateo Gil","SS","20.7444444",1,1,"Med",50,,,"sa3007050"
"Ben Bowden","SIRP","26.5027777",-2,-1,"Med",,,-1,"20198"
"Dalvy Rosario","SS","20.75",,1,"Med",55,,,"sa3005712"
"Daiveyon Whittle","MIRP","21.4472222",-1,,"Short",,1,1,"sa3007617"
"Will Ethridge","SP","23.3388888",1,-1,"Short",,1,1,"sa3011337"
"Will Banfield","C","21.4277777",,,"Short",60,,,"sa3007973"
"Jayden Murray","MIRP","24.0305555",,,"Med",,,,"sa1170405"
"Mishael Deson","CF","18.7916666",2,1,"Long",,-1,,"sa3008828"
"Ashton Goudeau","SIRP","28.7472222",1,1,"Med",,,,"15139"
"Nick Fortes","C","24.4472222",,1,,55,,,"sa3006714"
"Aneudy Cortorreal","SIRP","21.3583333",-1,-1,"Med",,-1,-1,"sa3009242"
"Zach Watson","CF","23.825",-1,1,"Short",60,1,,"sa3011258"
"Antonio Santos","SIRP","24.5444444",,1,"Long",,1,-2,"20383"
"Jorge Guzman","SIRP","25.2333333",,-1,"Short",,,-1,"17505"
"Angel Felipe","SIRP","23.6444444",,-1,"Long",,,-2,"sa881181"
"Kevin Smith","SIRP","23.9416666",-1,,"Med",,,-1,"sa3007710"
"Riley Pint","SIRP","23.4611111",2,1,"Long",,-2,-2,"sa917922"
"Tristan Pompey","LF","24.0805555",,-1,,45,,,"sa3008077"
"Joseph Ortiz","SS","22.7722222",,1,"Med",55,1,,"sa3009889"
"Breiling Eusebio","SIRP","24.5027777",-1,,"Long",,-1,-1,"sa828552"
"Breidy Encarnacion","SP","20.4527777",,1,,,,,"sa3009205"
"Maverick Handley","C","23.1166666",,1,"Short",40,1,,"sa3010848"
"Ronaiker Palma","C","21.3055555",-1,2,"Short",60,,,"sa3005624"
"Luis Palacios","SP","20.8083333",,,,,,,"sa3003021"
"Blaine Knight","SIRP","24.8166666",1,,"Long",,,-1,"sa3008532"
"Jordan Sheffield","SIRP","25.8916666",,1,"Med",,-1,-2,"19682"
"Tyler Wells","SIRP","26.6555555",2,,"Long",,1,,"20000"
"Yoan Aybar","SIRP","23.8027777",2,1,"Long",,,,"sa829086"
"Andrew Daschbach","RF","23.5",-1,-1,"Short",45,1,,"sa3011414"
"Brenan Hanifee","SP","22.8972222",2,1,"Med",,-1,,"sa917973"
"Jake Zebron","SP","21.2166666",,,"Med",,-1,1,"sa3007250"
"Ignacio Feliz","SP","21.4972222",-1,2,"Short",,,2,"sa3002982"
"Felix Bautista","SIRP","25.8388888",,-2,"Long",,,,"sa737480"
"Po-Yu Chen","SP","19.5555555",1,,"Long",,,,"sa3014699"
"Braxton Ashcraft","SIRP","21.5472222",1,1,"Med",,-1,-1,"sa3008470"
"Alexander Mojica","1B","18.7222222",-2,,"Med",50,2,,"sa3008889"
"Yerry De Los Santos","SIRP","23.3611111",1,-1,"Med",,,-1,"sa873562"
"Matt Gorski","RF","23.3333333",,1,"Med",55,,,"sa3010399"
"Luis Tejeda","3B","18.6555555",1,,"Med",55,,,"sa3008913"
"Wilkin Ramos","SP","20.4777777",2,-1,"Long",,-2,1,"sa3006487"
"Andy Maldonado","SP","18.7527777",,,"Med",,-1,1,"sa3009607"
"Osvaldo Gavilan","CF","19.5333333",1,1,"Med",50,,,"sa3008873"
"Keider Montero","SIRP","20.7944444",,,"Med",,,1,"sa3002956"
"Franklin Perez","SP","23.3777777",2,,"Med",,,-1,"sa873722"
"Elvin Rodriguez","SP","23.0611111",2,1,"Long",,,1,"sa873437"
"Beau Burrows","SP","24.5944444",-1,,"Short",,,,"18873"
"Andre Lipcius","3B","22.9166666",,,"Med",55,1,,"sa3010401"
"Jose De La Cruz","RF","19.3027777",-1,,"Med",60,,,"sa3008747"
"Angel De Jesus","SIRP","24.1916666",1,,"Long",,,-1,"sa921876"
"Jorge Rodriguez","SP","20.6583333",-1,1,"Short",,1,1,"sa3006074"
"Wladimir Pinto","SIRP","23.1944444",-1,,"Short",,,-1,"sa871482"
"Christian Koss","SS","23.2361111",,,"Med",50,1,,"sa3011227"
"Sam McMillan","C","22.3916666",1,1,"Med",55,,,"sa3004277"
"Eduardo Vaughan","RF","19.2777777",2,1,"Long",,-2,,"sa3008810"
"Carlos Guzman","SIRP","22.9333333",,1,"Med",,,,"sa871477"
"Andrew Politi","SIRP","24.8833333",,,"Long",,,,"sa3007243"
"Ryan Zeferjahn","SIRP","23.1444444",-1,-1,"Long",,,-1,"sa3011217"
"Shane Drohan","SP","22.2916666",,1,"Short",,-1,1,"sa3014447"
"Bradley Blalock","SP","20.325",1,,"Long",,-2,-1,"sa3011809"
"Naysbel Marcano","C","18.9138888",-1,1,"Med",60,,,"sa3008804"
"Marcus Wilson","CF","24.6861111",1,1,"Long",50,,,"sa828703"
"Chris Murphy","MIRP","22.8805555",1,,"Med",,,,"sa3011431"
"Antoni Flores","3B","20.5222222",-1,-1,"Med",60,,,"sa3005489"
"Luis Perales","SIRP","18.0222222",,1,"Long",,,1,"sa3014677"
"Albert Feliz","LF","19.025",1,-1,"Long",40,,,"sa3008799"
"Jeremy Wu-Yelland","SIRP","21.8277777",,,"Short",,,-1,"sa3014520"
"Jose Alberto Rivera","SIRP","24.1888888",,,,,,,"sa3003090"
"Tyler Brown","SIRP","22.5555555",,,,,,,"sa3014450"
"Jairo Lopez","SP","20.4194444",,1,,,,,"sa3005824"
"Angel Macuare","SP","21.1361111",,,,,,,"sa3003039"
"Seth Gray","3B","22.8944444",,,"Short",55,,,"sa1115752"
"Manny Ramirez","SIRP","21.4194444",,,,,,,"sa3004833"
"Luis Rijo","SP","22.6277777",,1,"Short",,,,"sa916950"
"Brett Conine","SIRP","24.5166666",,,,,,,"sa3008024"
"Yunior Severino","2B","21.5527777",,1,"Med",50,-2,,"sa3003185"
"Juan Pablo Lopez","SP","22.1805555",,1,,,,,"sa3004647"
"Yennier Cano","SIRP","27.1194444",,,"Med",,,,"sa3011688"
"Julio Robaina","SP","20.0805555",,,,,,,"sa3006817"
"Willie Joe Garry Jr.","CF","20.8972222",,1,"Med",50,,,"sa3007065"
"Diosmerky Taveras","SIRP","21.5805555",,,,,,,"sa3004872"
"Wander Javier","SS","22.3138888",1,1,"Long",60,,,"sa917168"
"Nick Gordon","SS","25.4944444",,,"Med",55,,,"sa828662"
"Jair Camargo","C","21.8083333",,,"Med",55,,,"sa917333"
"Charles Mack","C","21.4444444",,,"Med",40,,,"sa3008250"
"Javier D'Orazio","C","19.3166666",1,1,"Long",50,-1,,"sa3008876"
"Yosver Zululeta","SIRP","23.2472222",1,1,"Med",,-2,1,
"Sem Robberse","SP","19.5277777",2,1,"Med",,-1,1,"sa3011735"
"Patrick Murphy","SIRP","25.8666666",,-1,"Med",,1,,"19712"
"T.J. Zeuch","SP","25.725",1,,"Long",,,1,"19269"
"Chavez Young","CF","23.7888888",1,1,"Med",60,,,"sa918963"
"Nick Frasso","SP","22.5111111",1,-1,"Long",,,1,"sa3014492"
"Yennsy Diaz","SIRP","24.4361111",-1,,"Long",,,-1,"20218"
"Travis Bergen","SIRP","27.5388888",,,,,,,"18581"
"Marcel Renteria","SIRP","26.5694444",,1,"Med",,,-1,"sa3005016"
"Hobie Harris","SIRP","27.8305555",2,,"Med",,-1,1,"sa876068"
"Tylor Megill","SIRP","25.7333333",,-1,"Long",,,-1,"sa3007988"
"Curtis Taylor","MIRP","25.7416666",1,-1,"Long",,,,"sa917970"
"Joander Suarez","SP","21.1527777",-1,,"Med",,,,"sa3008263"
"Tanner Morris","LF","23.625",1,-2,"Med",30,1,,"sa3009873"
"Adrian Hernandez","CF","20.2055555",,2,"Med",50,-2,,"sa3005487"
"Roither Hernandez","SIRP","23.1305555",,1,"Med",,-2,,"sa3004333"
"Will Toffey","3B","26.3111111",,,"Med",70,1,,"sa829401"
"Naswell Paulino","SIRP","21.0138888",,1,"Long",,-1,1,"sa3002998"
"Michel Otanez","SIRP","23.8027777",1,-2,"Long",,,-2,"sa932611"
"Desmond Lindsay","CF","24.2694444",1,,"Med",50,,,"sa874792"
"Mason Denaburg","SP","21.7055555",,1,,,,,"sa3010648"
"Roismar Quintana","RF","18.2111111",,,,50,,,"sa3014718"
"Jackson Cluff","SS","24.3861111",,,"Short",60,,,"sa3010342"
"Holden Powell","SIRP","21.6194444",,1,"Long",,2,,
"Zachary Brzykcy","SIRP","21.7777777",,1,"Med",,,,
"Tres Barrera","C","26.6027777",,,"Short",60,1,,"19977"
"Yoelqui Cespedes","RF","23.5777777",,1,"Med",80,-2,,
"Hunter Schryver","SIRP","26.0527777",,,"Med",,,,"sa873263"
"Reid Schaller","SIRP","24.0555555",,,,,,,"sa3008023"
"Caleb Freeman","SIRP","23.1638888",,-1,"Long",,,,"sa3011339"
"Todd Peterson","SP","23.25",,,,,,,
"Lency Delgado","3B","21.8388888",1,2,"Med",60,,,"sa3006913"
"Jimmy Lambert","SIRP","26.4277777",,1,"Short",,,,"19541"
"Bailey Horn","MIRP","23.2694444",,1,"Med",,,,"sa3014493"
"Bryce Bush","RF","21.3555555",1,-1,"Long",50,,,"sa3008278"
"DJ Gladney","3B","19.7722222",1,-1,"Long",50,,,"sa3010043"
"Luis Mieses","CF","20.8944444",1,-1,"Long",45,-2,,"sa3003274"
"Jake Burger","1B","25.0333333",-2,-2,"Med",60,,,"sa915698"
"Estevan Florial","CF","23.4083333",2,1,"Long",80,-1,,"19151"
"Dayro Perez","SS","19.2277777",1,1,"Long",60,,,"sa3009299"
"Albert Abreu","SIRP","25.5722222",,,"Med",,-1,-1,"17485"
"Brooks Kriske","SIRP","27.2194444",,,"Med",,,-2,"21189"
"Alfredo Garcia","SIRP","21.75",,,"Med",,,,"sa3003045"
"Brandon Lockridge","CF","24.1055555",,1,"Med",,,,"sa3006856"
"Glenn Otto","SIRP","25.1138888",,,"Med",,1,-1,"sa915710"
"Raimfer Salinas","CF","20.3111111",-1,,"Short",60,,,"sa3005597"
"Trevor McDonald","SP","20.1555555",1,1,"Med",,,,"sa3011835"
"Osiel Rodriguez","SP","19.4166666",,1,"Long",,,-2,"sa3009991"
"Logan Wyatt","1B","23.4361111",,-1,"Med",45,,,"sa3011259"
"Alan Mejia","CF","19.7555555",,1,"Med",,,,"sa3008420"
"Esmerlin Vinicio","SP","18.2277777",,2,"Med",,,,"sa3014708"
"Randy Vasquez","MIRP","22.4694444",-1,1,"Short",,,,"sa3007933"
"Tyler Fitzgerald","SS","23.6027777",1,1,"Med",55,,,"sa3011257"
"Yoljeldriz Diaz","SP","19.7722222",-1,1,"Short",,,1,"sa3010248"
"Raffi Vizcaino","SIRP","25.3888888",,-1,"Long",,,,"sa736742"
"Roberto Chirinos","SS","20.6222222",,1,"Short",60,1,,"sa3005484"
"Jason Vosler","3B","27.6277777",,-2,"Med",50,1,,"16686"
"Jake Agnos","MIRP","22.9138888",,,"Short",,,,"sa1054040"
"Garrett Frechette","1B","20.3111111",1,-1,"Long",55,,,"sa3010636"
"Ken Waldichuk","MIRP","23.2888888",,1,"Long",,,1,"sa1115814"
"Cole Waites","SIRP","22.8666666",2,1,"Long",,-1,-1,"sa3011556"
"Chris Gittens","1B","27.2166666",-1,-1,"Med",55,1,,"sa829048"
"Dedniel Nunez","SIRP","24.8805555",,,"Med",,,,"sa3004203"
"Nelson L Alvarez","SIRP","22.8638888",,,"Med",,,,"sa3010783"
"Connor Cannon","DH","22.9333333",-2,-2,"Med",55,1,,"sa3010010"
"Madison Santos","CF","21.6277777",,1,"Med",55,-1,,"sa3006206"
"Mac Wainwright","RF","18.7111111",1,1,"Long",50,,,"sa3014680"
"Luis Mey","SIRP","19.8277777",2,,"Long",,-1,-1,"sa3010130"
"Jacob Heatherly","MIRP","22.9222222",-1,-1,"Med",,-1,,"sa3004736"
"Eric Yang","C","23.0722222",,-1,"Med",45,1,,"sa1169769"
"Brandon Bailey","SIRP","26.5083333",-1,1,"Short",,1,1,"19582"
"Hector Perez","SIRP","24.8777777",,1,"Med",,-1,-1,"18592"
"Eduardo Salazar","MIRP","22.9638888",,-1,"Med",,1,,"sa3003131"
"Mariel Bautista","CF","23.5194444",1,1,"Long",50,,,"sa872535"
"Miguel Medrano","SIRP","23.3",1,1,"Med",,1,1,"sa947763"
"Noah Davis","SP","24",-1,,"Med",,,,"sa3010556"
"Michel Triana","1B","21.4138888",,-1,"Med",55,-2,,"sa3014681"
"Joe Boyle","SIRP","21.6888888",-2,-1,"Long",,-2,-2,"sa3014498"
"Debby Santana","3B","20.6611111",1,-1,"Med",70,1,,"sa3003210"
"Yan Contreras","SS","20.2277777",2,1,"Med",70,-2,,"sa1169894"
"Dominic Fletcher","RF","23.6388888",-1,1,"Med",55,,,"sa1115778"
"Blaze Alexander","SS","21.8638888",,1,"Med",80,,,"sa3007742"
"Buddy Kennedy","3B","22.5472222",-1,-1,"Short",50,1,1,"sa3004617"
"Leonardo Bernal","C","17.1916666",,,"Med",55,,,
"Junior Mieses","SIRP","21.5194444",1,,"Med",,,,"sa3005258"
"Andre Pallante","SP","22.5944444",1,1,"Med",,,,"sa3011186"
"Glenallen Hill Jr.","2B","20.5611111",,2,"Short",45,-1,,"sa3010335"
"Ali Sanchez","C","24.2555555",1,,"Med",55,,,"18551"
"Bobby Ay","SIRP","23.9",,1,"Med",,-1,,"sa3011535"
"Patrick Romeri","RF","19.8138888",,,"Med",,,,"sa3010723"
"West Tunnell","SIRP","27.4222222",,,"Med",,-1,1,"sa3002749"
"Adanson Cruz","LF","20.5444444",1,,"Med",40,-1,,"sa3005722"
"Matt Mercer","SIRP","24.6416666",1,,"Med",,,-1,"sa3007837"
"Steven Gingery","SP","23.5611111",-2,-1,"Med",,-2,-1,"sa3011747"
"Avery Short","SP","20.1055555",,,"Med",,,1,"sa3011712"
"Jesus Cruz","SIRP","26.0194444",-1,-1,"Med",,,-1,"20042"
"Edinson Soto","SIRP","24.5972222",,,"Short",,-1,,"sa3009831"
"Connor Jones","SIRP","26.5333333",-1,-1,"Long",,,-1,"sa738697"
"Luis Castillo","SIRP","26.1166666",1,1,"Long",,1,1,"sa657838"
"Roel Ramirez","SIRP","25.9055555",-1,,"Short",,,,"16470"
"Edgardo Rodriguez","C","20.3972222",,,"Med",50,-2,,"sa3005532"
"Griffin Roberts","SIRP","24.8583333",,,"Short",,,-1,"sa3008483"
"Rodard Avelino","SIRP","21.8861111",,,"Med",,,-2,"sa3003040"
"Carson Taylor","C","21.8888888",,-1,"Med",40,2,,"sa3014468"
"Jose Ramos","CF","20.3083333",1,1,"Med",70,,,"sa3008845"
"Octavio Becerra","SP","20.2194444",2,,"Long",,,1,"sa3008303"
"Mitch White","SIRP","26.3166666",,,"Med",,-1,,"19225"
"Devin Mann","2B","24.1972222",,,"Med",40,,,"sa3006869"
"Juan Morillo","SIRP","22.0916666",1,1,"Med",,,-1,"sa917772"
"Osvanni Gutierrez","SP","19.9111111",1,,"Long",,-2,,"sa3009730"
"Kyle Hurt","SP","22.8944444",1,,"Med",,,1,
"Hyun-il Choi","MIRP","20.9027777",-1,-1,"Med",,,,"sa3009992"
"Jeren Kendall","CF","25.2166666",,2,"Short",60,-2,,"sa829529"
"Jose Martinez","SIRP","21.9972222",,1,"Long",,1,,"sa3002796"
"DJ Peters","CF","25.3611111",1,1,"Long",60,,,"19348"
"Gus Varland","SIRP","24.4611111",,,,,,,"sa3007779"
"Guillermo Zuniga","SIRP","22.5333333",,-2,"Long",,,,"sa945024"
"Darius Vines","SP","22.9777777",,,"Med",,,2,"sa918848"
"Jared Johnson","SP","20.1027777",1,,"Long",,,1,"sa3011626"
"Yordys Valdes","SS","19.6833333",1,2,"Med",50,-1,,"sa3010037"
"Stephen Paolini","CF","20.4138888",1,1,"Long",55,,,"sa3010720"
"Cam Hill","SIRP","26.9111111",,1,,,,,"16840"
"CJ Alexander","3B","24.7638888",2,-1,"Long",60,,,"sa3006912"
"Eli Morgan","MIRP","24.9416666",,,,,,,"sa915827"
"Nolan Kingham","SP","24.6777777",-1,-1,"Med",,,,"sa3008224"
"Robert Broom","SIRP","24.5972222",,,"Long",,2,1,"sa3007235"
"Nick Sandlin","SIRP","24.2833333",-1,1,"Short",,2,1,"sa3006820"
"Scott Moss","MIRP","26.5444444",,-2,,,,,"sa738902"
"Jean Carlos Mejia","SP","24.6555555",,,,,,,"sa830122"
"Cristopher Sanchez","MIRP","24.3611111",1,,"Long",,,,"sa828749"
"Jhonkensy Noel","1B","19.7694444",-2,-1,"Long",55,1,,"sa3005579"
"Dominic Pipkin","SP","21.4638888",2,1,"Long",,,,"sa3007896"
"Adam Scott","SIRP","25.5333333",,,,,,,"sa3006826"
"Mauricio Llovera","SIRP","25.0138888",-1,-1,"Med",,,,"20080"
"Steven Kwan","CF","23.6305555",-1,1,"Short",50,1,,"sa3008536"
"Julian Garcia","MIRP","25.9416666",,,"Med",,,2,"sa918182"
"Kyle Dohy","SIRP","24.5972222",,,"Long",,,-2,"sa3004861"
"Marcus Lee Sang","RF","20.3055555",1,1,"Med",60,,,"sa3011445"
"Kendall Simmons","SS","21.0305555",,,"Med",55,,,"sa3006867"
"Baron Radcliff","1B","22.2027777",,-1,"Med",40,,,"sa3014424"
"Ramon Rosso","MIRP","24.8694444",,,"Long",,,-1,"20368"
"Carlos De La Cruz","RF","21.5444444",2,1,"Long",50,,,"sa3006903"
"Victor Santos","SP","20.7777777",-1,-1,"Long",,,,"sa3003083"
"Hsin-Chieh Lin","SP","22.0944444",-2,-1,"Med",,,-1,"sa3008535"
"Colby White","SIRP","22.8",,1,"Med",,,,"sa3011200"
"Nicoly Pina","SP","21.5388888",-1,,"Med",,,,"sa3005875"
"Esteban Quiroz","2B","29.1805555",,-1,"Short",45,2,,"sa596560"
"Andrew Schultz","SIRP","23.7277777",,,"Med",,,-1,"sa3010782"
"Carlos Garcia","SIRP","22.4",,-2,"Med",,,1,"sa3006590"
"Victor Munoz","SIRP","20.325",,,"Med",,,,"sa3006381"
"Nick Schnell","CF","21.0694444",1,1,"Long",60,-1,,"sa3007639"
"Graeme Stinson","MIRP","23.7111111",-1,-1,"Long",,,,"sa3011900"
"Peyton Battenfield","SIRP","23.7",,,"Med",,,,"sa3010133"
"Johan Lopez","2B","20.7333333",,,"Med",,,,"sa3003228"
"Moises Gomez","RF","22.6527777",-1,-1,"Med",55,-1,,"sa875163"
"Alexander Ovalles","1B","20.5444444",-1,-1,"Med",50,1,,"sa3005781"
"Joel Peguero","SIRP","23.9638888",,1,"Med",,,,"sa917689"
"Sandy Gaston","SIRP","19.35",-2,-1,"Med",,-1,-1,"sa3011136"
"Jordan Holloway","SIRP","24.8583333",,,"Med",,,,"20631"
"Jhonny Piron","CF","16.8888888",1,1,"Med",55,-1,,
"Paul Campbell","MIRP","25.7388888",,1,"Med",,1,1,"22248"
"Jhon Diaz","CF","18.5583333",-2,1,"Short",55,,,
"Will Stewart","MIRP","23.7722222",,,"Med",,,,"sa875247"
"Audry Lugo","SIRP","22.4805555",,1,"Short",,,1,"sa3008710"
"Yoelvis Sanchez","CF","18.9861111",,,"Med",,,,"sa3008777"
"Cal Stevenson","CF","24.6111111",-1,,"Med",40,2,,"sa3006871"
"Cristhian Rodriguez","3B","19.3305555",,,"Med",55,,,"sa3008785"
"Logan Driscoll","C","23.4694444",,1,"Short",55,,,"sa3009882"
"Kyle Holder","SS","121.311111",,,,,,,