Name,Pos,Org,Top 100,Org Rk,Age,Hit,Pitch Sel,Bat Ctrl,Game,Raw,Spd,Fld,Avg EV,Hard Hit%,Max EV,FV,playerId
"Wander Franco","SS","TBR",1,1,"20.1416666","60 / 80",60,70,"45 / 60","55 / 55","60 / 60","50 / 55",89,0.39,108,"80","sa3007033"
"Adley Rutschman","C","BAL",3,1,"23.2111111","45 / 55",60,45,"45 / 55","60 / 60","40 / 35","60 / 70",91,0.39,107,"65","sa3011643"
"Randy Arozarena","LF","TBR",4,2,"26.1444444","50 / 55",50,55,"55 / 60","60 / 60","50 / 50","45 / 45",90,0.42,113,"60","19290"
"Jarred Kelenic","RF","SEA",5,0,"21.7666666","50 / 60",55,55,"50 / 60","60 / 60","50 / 45","45 / 45",90,0.43,107,"60","sa3007741"
"CJ Abrams","2B","SDP",6,0,"20.5527777","35 / 70",40,70,"30 / 55","45 / 55","80 / 80","35 / 45",89,0.41,102,"60","sa3010152"
"Ke'Bryan Hayes","3B","PIT",7,1,"24.2333333","55 / 60",60,55,"45 / 50","50 / 50","60 / 55","70 / 70",92,0.55,110,"60","18577"
"Cristian Pache","CF","ATL",8,1,"22.425","45 / 50",40,55,"40 / 45","50 / 55","70 / 70","80 / 80",88,0.36,105,"60","19948"
"Spencer Torkelson","1B","DET",9,1,"21.6555555","35 / 60",70,55,"35 / 65","65 / 70","40 / 40","40 / 40",97,0.66,112,"60","sa3014504"
"Marco Luciano","SS","SFG",11,1,"19.5361111","25 / 60",55,50,"25 / 70","60 / 70","50 / 45","30 / 40",92,0.5,109,"60","sa3010022"
"Andrew Vaughn","1B","CHW",14,1,"23.0527777","55 / 70",70,60,"50 / 60","60 / 60","30 / 30","40 / 40",91,0.46,111,"60","26197"
"Brandon Marsh","CF","LAA",15,0,"23.3444444","45 / 55",55,50,"45 / 55","55 / 60","60 / 55","50 / 55",90,0.42,110,"60","sa917944"
"Dylan Carlson","LF","STL",16,1,"22.4972222","50 / 55",55,50,"45 / 55","50 / 55","50 / 40","50 / 55",88,0.34,105,"60","20126"
"Alex Kirilloff","RF","MIN",17,1,"23.4527777","50 / 60",40,60,"50 / 60","60 / 60","30 / 30","40 / 40",91,0.47,107,"60","20325"
"Bobby Witt Jr.","SS","KCR",19,0,"20.8555555","30 / 45",50,40,"25 / 60","60 / 65","60 / 60","50 / 60",92,0.49,109,"60","sa3011225"
"Julio Rodriguez","RF","SEA",20,0,"20.3138888","30 / 55",45,60,"35 / 60","60 / 70","50 / 50","40 / 50",92,0.53,109,"60","sa3005720"
"Corbin Carroll","CF","ARI",21,1,"20.6694444","35 / 70",60,60,"30 / 50","45 / 50","70 / 70","50 / 60",91,0.48,108,"60","sa3010593"
"Vidal Brujan","2B","TBR",23,4,"23.2027777","50 / 65",55,60,"30 / 45","45 / 50","70 / 70","50 / 55",87,0.28,104,"60","sa872786"
"Luis Campusano","C","SDP",26,0,"22.5638888","50 / 60",55,60,"30 / 50","55 / 60","40 / 40","40 / 45",89,0.39,109,"55","22217"
"Francisco Alvarez","C","NYM",30,1,"19.425","25 / 55",55,50,"25 / 50","50 / 55","45 / 40","45 / 55",89,0.39,104,"55","sa3010862"
"JJ Bleday","RF","MIA",34,3,"23.45","45 / 55",60,55,"45 / 55","55 / 55","45 / 40","50 / 60",88,0.31,109,"55","sa3011642"
"Trevor Larnach","RF","MIN",35,2,"24.1555555","45 / 55",60,50,"50 / 60","65 / 65","40 / 40","35 / 40",92,0.51,110,"55","sa3008376"
"Riley Greene","RF","DET",37,5,"20.5666666","35 / 60",60,60,"35 / 55","50 / 55","50 / 45","45 / 50",87,0.35,106,"55","sa3010694"
"Nick Madrigal","2B","CHW",38,3,"24.1027777","60 / 70",50,80,"30 / 30","35 / 35","60 / 60","60 / 60",84,0.21,104,"55","20521"
"Nolan Gorman","3B","STL",39,2,"20.95","30 / 50",55,40,"25 / 60","65 / 70","40 / 40","40 / 45",91,0.45,109,"55","sa3007017"
"Brennen Davis","CF","CHC",40,0,"21.4722222","30 / 50",45,45,"35 / 55","55 / 60","60 / 55","45 / 55",87,0.41,104,"55","sa3007876"
"Ronny Mauricio","SS","NYM",41,2,"20.05","30 / 50",35,45,"30 / 50","45 / 55","50 / 50","45 / 50",87,0.35,102,"55","sa3006887"
"Kristian Robinson","RF","ARI",42,2,"20.3638888","30 / 40",50,45,"30 / 60","60 / 70","60 / 50","45 / 50",92,0.5,109,"55","sa3006884"
"Austin Martin","CF","TOR",43,2,"22.0805555","35 / 60",70,60,"35 / 50","45 / 50","50 / 50","35 / 45",90,,105,"55","sa3014454"
"Alek Thomas","LF","ARI",44,3,"20.9833333","35 / 55",55,45,"40 / 55","50 / 55","60 / 60","50 / 55",90,0.45,107,"55","sa3006892"
"Royce Lewis","SS","MIN",46,3,"21.8805555","30 / 40",40,50,"40 / 60","60 / 70","60 / 50","40 / 45",90,0.42,108,"55","sa3004259"
"Drew Waters","CF","ATL",47,3,"22.3111111","40 / 60",30,55,"40 / 50","55 / 60","60 / 60","45 / 50",89,0.4,109,"55","sa3004378"
"Jazz Chisholm","SS","MIA",48,4,"23.225","40 / 40",30,55,"50 / 55","60 / 60","60 / 60","55 / 60",91,0.48,108,"55","20454"
"Jose Garcia","SS","CIN",49,1,"23.0472222","30 / 40",40,45,"40 / 50","55 / 60","60 / 60","60 / 60",87,0.35,109,"55","23378"
"Jasson Dominguez","CF","NYY",50,1,"18.2083333","20 / 55",,,"25 / 60","70 / 70","70 / 70","45 / 55",,,,"50","sa3014696"
"Nolan Jones","LF","CLE",51,1,"22.9583333","30 / 40",80,40,"50 / 65","70 / 70","30 / 30","40 / 45",92,0.52,114,"50","sa917941"
"Jeter Downs","2B","BOS",52,1,"22.7361111","40 / 50",55,55,"40 / 45","50 / 50","45 / 45","45 / 50",88,0.38,106,"50","sa3004615"
"Triston Casas","1B","BOS",53,2,"21.2694444","35 / 55",55,55,"35 / 60","65 / 70","30 / 20","35 / 40",87,0.3,107,"50","sa3007634"
"Joey Bart","C","SFG",54,2,"24.3527777","30 / 40",45,50,"50 / 60","60 / 60","35 / 30","65 / 70",92,0.39,109,"50","21524"
"Josh Lowe","CF","TBR",55,5,"23.2222222","30 / 40",60,45,"40 / 55","60 / 60","60 / 60","40 / 45",90,0.43,110,"50","sa917926"
"Ryan Jeffers","C","MIN",58,4,"24.1277777","40 / 45",50,55,"45 / 55","60 / 60","40 / 40","55 / 55",91,0.41,112,"50","24618"
"Heliot Ramos","RF","SFG",60,3,"21.625","35 / 45",50,50,"45 / 55","55 / 55","55 / 50","45 / 50",90,0.52,108,"50","sa3004693"
"George Valera","RF","CLE",63,3,"20.4416666","35 / 45",50,45,"35 / 60","55 / 60","50 / 45","45 / 45",91,0.43,107,"50","sa3006872"
"Ha-seong Kim","SS","SDP",64,0,"25.5138888","45 / 50",45,50,"40 / 45","50 / 50","60 / 60","50 / 50",,,,"50","27506"
"Ivan Herrera","C","STL",65,3,"20.8916666","35 / 50",55,55,"25 / 45","50 / 55","30 / 30","45 / 55",87,0.32,110,"50","sa3003191"
"Jeremy Pena","SS","HOU",66,1,"23.5833333","40 / 50",45,50,"30 / 40","45 / 45","55 / 55","55 / 60",87,0.37,105,"50","sa876320"
"Oswald Peraza","SS","NYY",67,3,"20.8527777","45 / 60",50,55,"30 / 45","40 / 45","60 / 60","55 / 60",87,0.35,106,"50","sa3003305"
"Geraldo Perdomo","SS","ARI",68,4,"21.5","35 / 55",70,60,"30 / 45","45 / 50","55 / 55","45 / 55",87,0.16,103,"50","22799"
"Noelvi Marte","SS","SEA",69,0,"19.5166666","20 / 50",50,50,"25 / 60","50 / 60","60 / 55","40 / 50",87,0.31,103,"50","sa3008745"
"Zac Veen","CF","COL",70,1,"19.3611111","25 / 55",,,"25 / 60","55 / 65","60 / 55","40 / 50",91,,103,"50","sa3014516"
"Robert Hassell III","CF","SDP",71,0,"19.6861111","25 / 60",,,"20 / 45","45 / 50","55 / 55","40 / 50",,,,"50","sa3014701"
"Alejandro Kirk","C","TOR",74,4,"22.4611111","55 / 60",60,60,"40 / 45","50 / 50","20 / 20","40 / 40",91,0.48,107,"50","22581"
"Jordan Groshans","3B","TOR",76,5,"21.45","30 / 45",,,"35 / 60","60 / 70","55 / 50","45 / 50",90,,107,"50","sa3006893"
"Tyler Stephenson","C","CIN",77,2,"24.6833333","45 / 50",55,45,"40 / 45","65 / 65","30 / 30","45 / 50",90,0.4,106,"50","17988"
"Brayan Rocchio","SS","CLE",78,4,"20.275","35 / 60",45,60,"30 / 40","30 / 40","60 / 60","60 / 70",85,0.18,102,"50","sa3005898"
"Keibert Ruiz","C","LAD",79,2,"22.7555555","55 / 60",30,70,"30 / 30","45 / 45","20 / 20","50 / 50",88,0.28,100,"50","19610"
"Xavier Edwards","2B","TBR",83,6,"21.7027777","35 / 60",45,70,"20 / 30","40 / 40","80 / 80","45 / 50",84,0.35,100,"50","sa3007018"
"Michael Busch","2B","LAD",84,3,"23.4527777","35 / 55",60,50,"35 / 55","60 / 60","50 / 45","30 / 35",,,,"50","sa3011540"
"Nick Gonzales","2B","PIT",85,3,"21.9027777","35 / 60",50,55,"35 / 50","55 / 55","50 / 50","40 / 45",,,,"50","sa3014510"
"Luis Matos","CF","SFG",86,4,"19.2333333","25 / 55",45,50,"20 / 50","50 / 60","60 / 60","45 / 50",87,0.38,106,"50","sa3008756"
"Tyler Freeman","2B","CLE",87,5,"21.9194444","50 / 70",30,70,"20 / 30","40 / 45","55 / 50","45 / 50",86,0.33,102,"50","sa3004755"
"Orelvis Martinez","SS","TOR",88,6,"19.425","20 / 45",50,50,"25 / 50","50 / 60","45 / 40","30 / 45",87,0.27,105,"50","sa3010692"
"Jordyn Adams","CF","LAA",89,0,"21.5111111","30 / 50",50,40,"30 / 50","50 / 60","80 / 80","45 / 60",86,0.32,104,"50","sa3008032"
"Alexander Vargas","SS","NYY",90,4,"19.4805555","25 / 55",50,55,"20 / 45","35 / 50","60 / 60","45 / 60",81,0.13,99,"50","sa3008851"
"Gabriel Moreno","C","TOR",92,7,"21.1888888","45 / 50",45,60,"30 / 45","45 / 50","45 / 40","40 / 45",87,0.34,106,"50","sa3003226"
"Ryan Mountcastle","LF","BAL",93,4,"24.1777777","55 / 60",30,55,"45 / 55","60 / 60","45 / 45","30 / 30",89,0.45,108,"50","18373"
"Heston Kjerstad","RF","BAL",102,5,"22.1944444","35 / 55",45,60,"35 / 60","55 / 60","50 / 45","45 / 50",96,,108,"50","sa3014439"
"Oneil Cruz","SS","PIT",104,5,"22.55","30 / 35",30,50,"40 / 60","70 / 80","60 / 45","40 / 45",91,0.5,112,"50","sa917318"
"Taylor Walls","SS","TBR",106,8,"24.7833333","50 / 60",60,60,"30 / 30","35 / 35","50 / 50","60 / 60",88,0.3,102,"50","sa915802"
"Josh Jung","3B","TEX",107,0,"23.1944444","35 / 55",50,45,"35 / 50","55 / 55","45 / 40","50 / 55",87,,,"50","sa3011468"
"Liover Peguero","SS","PIT",110,6,"20.3111111","35 / 60",50,55,"35 / 45","45 / 50","60 / 55","45 / 55",90,0.42,105,"50","sa3005582"
"Bo Naylor","C","CLE",112,7,"21.1694444","30 / 40",45,45,"30 / 50","55 / 60","50 / 40","40 / 45",89,0.35,104,"50","sa3008247"
"Andy Pages","CF","LAD",115,4,"20.3722222","30 / 40",55,45,"35 / 65","60 / 60","50 / 50","45 / 50",89,0.42,107,"50","sa3005625"
"Jacob Amaya","SS","LAD",116,5,"22.6361111","35 / 60",70,60,"30 / 40","40 / 45","55 / 55","45 / 55",89,0.4,105,"50","sa3005081"
"Leody Taveras","CF","TEX",119,0,"22.6222222","40 / 50",45,55,"30 / 35","50 / 50","70 / 70","70 / 70",86,0.41,107,"50","18900"
"Travis Swaggerty","CF","PIT",123,8,"23.675","40 / 50",55,50,"30 / 45","60 / 60","65 / 65","55 / 60",89,0.41,,"50","sa3007512"
"Blake Hunt","C","TBR",124,12,"22.45","30 / 45",50,50,"35 / 50","55 / 60","40 / 30","45 / 50",88,0.33,103,"50","sa3004153"
"Kevin Alcantara","CF","NYY",127,6,"18.7777777","20 / 40",50,45,"20 / 60","50 / 70","60 / 55","45 / 55",88,0.3,106,"50","sa3008752"
"Mark Vientos","3B","NYM",128,4,"21.3638888","30 / 40",40,40,"35 / 60","60 / 70","40 / 35","35 / 40",91,0.47,105,"50","sa3004720"
"Heriberto Hernandez","LF","TBR",129,13,"21.35","35 / 60",60,60,"35 / 60","55 / 65","30 / 30","30 / 40",95,0.62,112,"50","sa3005630"
"Ezequiel Duran","2B","NYY",130,7,"21.9166666","30 / 40",40,40,"35 / 60","55 / 60","40 / 35","30 / 35",92,0.52,109,"50","sa3005271"
"Reginald Preciado","3B","CHC",131,0,"17.9333333","20 / 55",40,60,"20 / 50","40 / 60","40 / 40","40 / 50",,,,"50","sa3014702"
"Dillon Dingler","C","DET",,6,"22.5972222","35 / 55",50,55,"30 / 45","50 / 50","45 / 45","45 / 55",91,,107,"45+","sa3014528"
"Gilberto Jimenez","CF","BOS",,4,"20.7888888","35 / 60",35,60,"30 / 40","45 / 50","70 / 70","50 / 60",83,0.15,99,"45+","sa3005507"
"Brett Baty","3B","NYM",,5,"21.4416666","35 / 55",55,50,"30 / 60","65 / 65","45 / 40","45 / 50",91,,106,"45+","sa3010869"
"Antonio Gomez","C","NYY",,10,"19.4416666","25 / 50",,40,"20 / 45","45 / 50","40 / 30","40 / 55",87,,102,"45+","sa3008746"
"Patrick Bailey","C","SFG",,6,"21.8972222","35 / 60",55,55,"30 / 40","50 / 50","30 / 30","40 / 50",87,,,"45+","sa3014442"
"Hunter Bishop","CF","SFG",,7,"22.825","30 / 45",45,45,"35 / 60","65 / 70","60 / 55","45 / 50",91,,110,"45+","sa3011413"
"Austin Hendrick","RF","CIN",,5,"19.8527777","20 / 40",,,"25 / 60","60 / 70","50 / 45","45 / 50",,,,"45+","sa3014521"
"Jordan Walker","3B","STL",,5,"18.9166666","25 / 50",45,50,"25 / 60","60 / 70","40 / 30","40 / 50",,,,"45+","sa3014464"
"Aaron Bracho","2B","CLE",,8,"19.9944444","35 / 55",60,55,"25 / 55","55 / 55","50 / 45","30 / 40",87,0.23,102,"45+","sa3010018"
"Gabriel Arias","SS","CLE",,9,"21.1527777","30 / 35",30,40,"35 / 50","55 / 60","55 / 55","55 / 60",88,0.36,106,"45+","sa3004047"
"Michael Harris","CF","ATL",,4,"20.125","35 / 55",50,55,"30 / 55","50 / 55","55 / 50","40 / 45",90,0.42,107,"45+","sa3010684"
"Shea Langeliers","C","ATL",,5,"23.4277777","30 / 50",50,50,"30 / 50","55 / 55","35 / 30","50 / 55",88,0.38,106,"45+","sa3010329"
"William Contreras","C","ATL",,6,"23.3277777","35 / 50",40,50,"35 / 50","50 / 55","45 / 40","45 / 55",89,0.41,106,"45+","20503"
"Johan Rojas","CF","PHI",,4,"20.6888888","35 / 55",30,55,"30 / 45","50 / 60","70 / 70","45 / 60",87,0.36,107,"45+","sa3005784"
"Carlos Colmenarez","SS","TBR",,14,"17.4361111","25 / 55",,50,"25 / 55","45 / 55","55 / 55","45 / 55",,,,"45+",
"Greg Jones","CF","TBR",,15,"23.125","30 / 45",50,40,"30 / 50","50 / 55","70 / 70","40 / 45",87,0.34,106,"45+","sa3010151"
"Gunnar Henderson","3B","BAL",,6,"19.8138888","25 / 55",50,50,"20 / 50","50 / 55","50 / 50","45 / 55",85,,104,"45+","sa3011484"
"Ryan Vilade","LF","COL",,2,"22.1777777","35 / 50",50,60,"30 / 50","55 / 60","45 / 40","40 / 40",88,,107,"45+","sa3004256"
"Parker Meadows","CF","DET",,7,"21.4722222","30 / 45",50,45,"30 / 50","55 / 60","60 / 60","45 / 55",85,0.29,104,"45","sa3007943"
"Cristian Santana","SS","DET",,8,"17.4083333","25 / 60",,60,"25 / 50","40 / 50","50 / 45","40 / 45",,,,"45",
"Isaac Paredes","3B","DET",,9,"22.1777777","55 / 60",50,70,"40 / 45","50 / 50","30 / 20","40 / 40",87,0.31,106,"45","20036"
"Jarren Duran","CF","BOS",,7,"24.6305555","45 / 55",45,45,"30 / 35","45 / 45","70 / 70","35 / 40",88,0.37,106,"45","sa3006786"
"Ronaldo Hernandez","C","BOS",,9,"23.4472222","30 / 35",30,45,"40 / 50","60 / 60","30 / 30","40 / 45",87,0.31,110,"45","sa881850"
"Bobby Dalbec","3B","BOS",,10,"25.8138888","30 / 30",60,40,"50 / 55","70 / 70","40 / 40","50 / 55",92,0.5,110,"45","19966"
"Korey Lee","C","HOU",,4,"22.7416666","30 / 45",50,45,"30 / 50","55 / 55","50 / 45","40 / 50",89,,108,"45","sa3010034"
"Aaron Sabato","1B","MIN",,8,"21.8833333","35 / 55",,,"35 / 55","60 / 60","30 / 30","40 / 50",94,,111,"45","sa3014494"
"Misael Urbina","CF","MIN",,9,"18.9861111","25 / 55",50,55,"25 / 50","45 / 50","55 / 50","40 / 50",81,0.38,98,"45","sa3008743"
"Pedro Leon","SS/CF","HOU",,7,"22.9","30 / 45",45,40,"40 / 55","60 / 60","60 / 60","55 / 55",,,,"45",
"Gilberto Celestino","CF","MIN",,10,"22.1916666","35 / 55",55,55,"30 / 35","40 / 40","60 / 60","55 / 60",90,0.45,104,"45","sa914313"
"Colin Barber","CF","HOU",,8,"20.3833333","35 / 55",45,55,"30 / 45","45 / 45","60 / 60","40 / 50",86,,104,"45","sa3010696"
"Keoni Cavaco","3B","MIN",,11,"19.8888888","20 / 45",45,45,"25 / 55","55 / 60","60 / 55","40 / 50",85,,103,"45","sa3010706"
"Miguel Hiraldo","3B","TOR",,9,"20.6305555","25 / 55",40,55,"25 / 50","50 / 55","50 / 40","40 / 45",86,0.26,108,"45","sa3005486"
"Pete Crow-Armstrong","CF","NYM",,6,"19.075","25 / 50",,40,"20 / 40","45 / 50","60 / 60","50 / 70",,,,"45","sa3014458"
"Khalil Lee","RF","NYM",,8,"22.8222222","30 / 40",55,40,"35 / 50","55 / 60","55 / 55","45 / 55",89,,108,"45","sa917996"
"Yasel Antuna","3B","WSN",,3,"21.4888888","30 / 40",45,50,"35 / 50","50 / 55","40 / 40","40 / 45",86,,103,"45","sa962601"
"Austin Wells","RF","NYY",,12,"21.7777777","35 / 55",55,55,"35 / 55","55 / 55","45 / 45","30 / 40",,,,"45","sa3014440"
"Anthony Volpe","SS","NYY",,14,"19.9833333","25 / 55",50,55,"20 / 35","40 / 45","50 / 50","50 / 55",86,0.3,102,"45","sa3010868"
"Luis Toribio","3B","SFG",,9,"20.5666666","35 / 55",50,50,"30 / 55","55 / 60","40 / 30","40 / 45",93,0.5,109,"45","sa3005541"
"Will Wilson","2B","SFG",,11,"22.7527777","35 / 55",50,50,"30 / 45","50 / 50","50 / 50","45 / 50",86,,103,"45","sa3009871"
"Alexander Canario","RF","SFG",,13,"20.9583333","30 / 40",45,40,"35 / 60","55 / 60","50 / 45","40 / 50",90,0.42,107,"45","sa3003316"
"Jonathan India","3B","CIN",,7,"24.3527777","50 / 60",60,50,"40 / 45","50 / 50","50 / 45","45 / 50",87,0.35,106,"45","21523"
"Tyler Callihan","2B","CIN",,8,"20.8333333","35 / 55",40,60,"30 / 50","55 / 60","30 / 30","30 / 40",88,0.37,105,"45","sa1169610"
"Rece Hinds","RF","CIN",,9,"20.6305555","30 / 40",,,"35 / 60","65 / 70","45 / 40","40 / 50",87,,105,"45","sa1169587"
"Michael Siani","CF","CIN",,10,"21.7666666","35 / 50",45,55,"20 / 30","40 / 45","60 / 60","55 / 70",83,0.2,100,"45","sa3008182"
"Pavin Smith","1B","ARI",,10,"25.2111111","45 / 55",60,65,"40 / 45","50 / 50","40 / 40","40 / 40",89,0.41,106,"45","19892"
"Masyn Winn","SIRP/SS","STL",,7,"19.0861111","20 / 40",40,45,"20 / 50","45 / 60","60 / 60","40 / 50",,,,"45","sa3014506"
"Wilman Diaz","SS","LAD",,9,"17.4361111","25 / 60",,60,"20 / 50","40 / 50","60 / 60","40 / 50",,,,"45",
"Kody Hoese","3B","LAD",,10,"23.775","35 / 50",50,50,"35 / 55","50 / 50","45 / 40","45 / 50",88,0.35,,"45","sa3010021"
"Diego Cartaya","C","LAD",,11,"19.625","20 / 45",40,50,"25 / 55","50 / 60","40 / 30","40 / 50",86,0.3,105,"45","sa3008742"
"Alex De Jesus","3B","LAD",,12,"19.0833333","20 / 40",35,55,"20 / 55","45 / 60","40 / 30","40 / 50",87,0.42,106,"45","sa3008842"
"Miguel Vargas","1B","LAD",,13,"21.4305555","35 / 60",55,60,"30 / 50","50 / 55","45 / 40","40 / 45",89,0.36,104,"45","sa3006896"
"Zach McKinstry","2B","LAD",,15,"25.9805555","50 / 50",40,55,"35 / 35","45 / 45","55 / 55","60 / 60",88,0.38,104,"45","19392"
"Angel Martinez","SS","CLE",,11,"19.25","25 / 55",50,60,"20 / 45","40 / 50","60 / 60","40 / 50",84,0.11,98,"45","sa3008762"
"Owen Miller","SS","CLE",,14,"24.4361111","40 / 55",50,55,"30 / 40","50 / 50","45 / 45","45 / 50",86,0.38,103,"45","sa3006673"
"Daniel Johnson","RF","CLE",,16,"25.7805555","40 / 45",45,45,"40 / 45","55 / 55","70 / 70","50 / 50",89,0.39,116,"45","19643"
"Alex Jackson","C","ATL",,8,"25.325","35 / 40",30,55,"50 / 55","70 / 70","30 / 30","45 / 50",91,0.51,112,"45","17276"
"Bryson Stott","SS","PHI",,5,"23.5444444","45 / 55",45,60,"30 / 40","50 / 50","55 / 50","40 / 45",85,0.19,101,"45","sa3011443"
"Rafael Marchan","C","PHI",,6,"22.1583333","55 / 60",50,70,"20 / 30","40 / 40","45 / 40","45 / 50",83,0.12,101,"45","21646"
"Mickey Moniak","CF","PHI",,8,"22.9416666","50 / 55",35,55,"30 / 40","45 / 45","55 / 55","50 / 50",88,0.36,106,"45","19956"
"Luis Garcia","SS","PHI",,9,"20.5027777","30 / 55",50,50,"30 / 35","45 / 50","55 / 55","50 / 55",81,0.12,101,"45","sa3007295"
"Simon Muzziotti","CF","PHI",,10,"22.3194444","45 / 60",35,60,"30 / 35","40 / 45","60 / 60","45 / 55",84,0.21,102,"45","sa917376"
"Ford Proctor","C","TBR",,19,"24.3833333","35 / 60",55,55,"30 / 35","40 / 40","45 / 45","40 / 45",88,0.41,104,"45","sa876187"
"Alejandro Pie","SS","TBR",,20,"19.2277777","20 / 45",40,50,"20 / 55","45 / 60","60 / 55","40 / 50",80,0.17,102,"45","sa3008754"
"Jose Salas","SS","MIA",,7,"17.9888888","20 / 40",,,"25 / 50","45 / 60","60 / 50","35 / 45",,,,"45","sa3014690"
"Peyton Burdick","RF","MIA",,8,"24.1555555","30 / 40",40,50,"40 / 60","70 / 70","55 / 55","40 / 50",91,,109,"45","sa3009876"
"Jesus Sanchez","RF","MIA",,10,"23.5416666","30 / 40",30,45,"30 / 50","70 / 70","50 / 50","50 / 50",92,,111,"45","19913"
"Kameron Misner","CF","MIA",,11,"23.2888888","30 / 40",55,45,"35 / 50","60 / 60","60 / 60","50 / 55",87,,106,"45","sa3011656"
"Jerar Encarnacion","DH","MIA",,12,"23.5","35 / 50",40,50,"45 / 60","60 / 60","30 / 30","40 / 45",91,,109,"45","sa943817"
"Nasim Nunez","SS","MIA",,13,"20.6777777","30 / 45",45,45,"30 / 35","40 / 45","60 / 60","55 / 70",84,,97,"45","sa3010695"
"Lewin Diaz","1B","MIA",,14,"24.425","45 / 45",40,50,"45 / 45","60 / 60","45 / 45","60 / 70",91,,107,"45","18365"
"Ryan McKenna","CF","BAL",,7,"24.1888888","40 / 45",60,50,"30 / 40","45 / 45","70 / 70","55 / 60",88,0.41,107,"45","19928"
"Jordan Westburg","2B","BAL",,8,"22.1777777","35 / 50",50,45,"30 / 50","50 / 50","55 / 55","40 / 45",93,,110,"45","sa3014499"
"Terrin Vavra","2B","BAL",,9,"23.9444444","35 / 60",60,55,"35 / 40","40 / 40","50 / 50","50 / 50",87,0.36,102,"45","sa3007643"
"Drew Romo","C","COL",,3,"19.6472222","20 / 40",,35,"20 / 45","55 / 60","30 / 30","45 / 60",,,,"45","sa3014522"
"Michael Toglia","1B","COL",,4,"22.6833333","35 / 55",55,45,"35 / 55","55 / 55","40 / 40","55 / 60",90,,107,"45","sa3010393"
"Kyle Stowers","RF","BAL",,12,"23.3055555","30 / 45",50,45,"35 / 55","55 / 55","50 / 50","50 / 55",88,,110,"45","sa1115829"
"Brenton Doyle","CF","COL",,6,"22.9388888","35 / 50",50,50,"30 / 50","60 / 60","60 / 60","40 / 50",87,,106,"45","sa3009965"
"Colton Welker","3B","COL",,7,"23.5361111","55 / 55",45,60,"35 / 40","50 / 50","30 / 30","40 / 40",87,,104,"45","sa917962"
"Ji-Hwan Bae","SS","PIT",,10,"21.7388888","50 / 70",50,70,"30 / 35","35 / 40","65 / 60","40 / 50",85,0.18,99,"45","sa3006895"
"Hudson Head","CF","PIT",,11,"20.0388888","30 / 60",50,60,"20 / 45","45 / 55","60 / 60","45 / 55",89,0.37,108,"45","sa3010889"
"Canaan Smith-Njigba","LF","PIT",,16,"21.9777777","30 / 45",60,45,"35 / 55","60 / 60","40 / 40","40 / 45",,0.49,109,"40+","sa3004279"
"Rodolfo Nolasco","OF","PIT",,18,"19.5805555","25 / 50",50,50,"20 / 55","50 / 55","50 / 40","40 / 50",89,0.46,107,"40+","sa3008907"
"Jared Oliva","CF","PIT",,19,"25.4027777","40 / 40",55,45,"40 / 45","55 / 55","60 / 60","45 / 50",88,0.41,110,"40+","19968"
"Endy Rodriguez","C","PIT",,20,"20.9611111","35 / 60",55,55,"20 / 40","35 / 45","45 / 40","45 / 60",90,0.36,99,"40+","sa3008272"
"Mason Martin","1B","PIT",,21,"21.8888888","30 / 40",60,50,"35 / 60","70 / 70","45 / 45","35 / 45",91,0.47,109,"40+","sa3004885"
"Cal Mitchell","RF","PIT",,24,"22.1222222","30 / 45",35,50,"35 / 50","45 / 50","40 / 40","40 / 50",86,0.31,103,"40+","sa3004258"
"Sammy Siani","CF","PIT",,26,"20.3555555","35 / 50",55,40,"20 / 45","45 / 50","55 / 55","45 / 50",83,0.12,99,"40+","sa3010704"
"Daniel Cabrera","LF","DET",,12,"22.6305555","35 / 55",55,60,"30 / 50","50 / 55","45 / 45","45 / 50",87,0.31,104,"40+","sa3014452"
"Nick Quintana","3B","DET",,13,"23.525","35 / 50",50,40,"30 / 50","55 / 55","40 / 40","50 / 60",87,,105,"40+","sa3010390"
"Nick Yorke","2B","BOS",,16,"19.0555555","25 / 60",50,60,"20 / 40","40 / 45","50 / 45","30 / 40",,,,"40+","sa3014546"
"Jeisson Rosario","CF","BOS",,17,"21.5","40 / 50",65,60,"30 / 30","40 / 45","60 / 60","45 / 60",86,0.23,103,"40+","sa3004146"
"Brent Rooker","1B","MIN",,12,"26.475","35 / 40",50,45,"50 / 60","65 / 65","40 / 40","35 / 40",92,0.56,109,"40+","19627"
"Freudis Nova","2B","HOU",,12,"21.2777777","30 / 45",35,50,"35 / 55","55 / 60","50 / 45","40 / 45",83,,104,"40+","sa3003195"
"Matt Wallner","RF","MIN",,15,"23.3611111","30 / 45",60,40,"35 / 60","70 / 70","40 / 35","45 / 50",89,0.4,105,"40+","sa918808"
"Rikelvin De Castro","SS","TOR",,11,"18.2472222","20 / 50",,,"20 / 35","30 / 45","60 / 55","45 / 60",,,,"40+","sa3014714"
"Alexander Ramirez","CF","NYM",,9,"18.275","20 / 50",,,"20 / 55","40 / 55","55 / 55","40 / 50",,,,"40+","sa3014695"
"Benyamin Bailey","RF","CHW",,7,"19.5944444","25 / 50",55,50,"20 / 55","50 / 60","45 / 30","30 / 45",87,0.33,101,"40+","sa3009343"
"Jose Rodriguez","SS","CHW",,8,"19.9416666","25 / 60",30,60,"20 / 40","45 / 45","55 / 55","40 / 50",88,0.33,106,"40+","sa3005788"
"Micker Adolfo","DH","CHW",,9,"24.6138888","30 / 35",45,40,"50 / 60","70 / 70","40 / 40","40 / 40",95,0.66,114,"40+","sa830303"
"Jeremy De La Rosa","RF","WSN",,5,"19.2666666","20 / 50",45,45,"20 / 55","55 / 60","50 / 50","35 / 45",89,,107,"40+","sa3011329"
"Oswaldo Cabrera","2B","NYY",,16,"22.1416666","35 / 55",40,60,"30 / 40","40 / 45","50 / 50","45 / 50",90,0.4,105,"40+","sa916954"
"Fidel Montero","RF","NYY",,17,"17.3416666","20 / 45",,,"25 / 55","55 / 70","60 / 50","30 / 50",,,,"40+",
"Everson Pereira","CF","NYY",,18,"20.0333333","35 / 50",,,"30 / 50","50 / 50","55 / 55","45 / 55",89,,108,"40+","sa3007034"
"Ricardo Genoves","C","SFG",,14,"21.9388888","30 / 45",50,40,"30 / 45","55 / 60","20 / 20","45 / 50",90,0.48,108,"40+","sa916844"
"Casey Schmitt","3B","SFG",,15,"22.1416666","30 / 55",45,55,"35 / 45","50 / 55","40 / 40","45 / 55",,,,"40+","sa3014484"
"Jairo Pomares","CF","SFG",,17,"20.7166666","35 / 55",45,55,"30 / 40","45 / 50","55 / 50","45 / 50",90,0.4,108,"40+","sa3010023"
"Ivan Johnson","2B","CIN",,13,"22.5305555","30 / 45",50,45,"30 / 45","50 / 55","60 / 60","35 / 40",87,0.33,105,"40+","sa1169627"
"Seth Beer","DH","ARI",,16,"24.5944444","35 / 45",55,40,"40 / 55","60 / 60","20 / 20","30 / 40",88,0.42,106,"40+","sa3006658"
"Wilderd Patino","CF","ARI",,17,"19.7611111","20 / 45",50,40,"30 / 50","45 / 55","60 / 60","45 / 55",89,0.39,107,"40+","sa3007874"
"Manuel Pena","3B","ARI",,20,"17.3805555","20 / 50",,,"25 / 55","45 / 60","45 / 40","40 / 50",,,,"40+",
"Jhon Torres","RF","STL",,9,"21.0638888","30 / 50",55,45,"30 / 55","55 / 60","50 / 40","40 / 50",84,,106,"40+","sa3003233"
"Luken Baker","1B","STL",,10,"24.1166666","35 / 40",55,40,"35 / 60","70 / 70","30 / 20","40 / 45",91,,109,"40+","sa3008267"
"Tre Fletcher","CF","STL",,11,"19.9777777","20 / 40",40,40,"25 / 50","55 / 60","60 / 55","40 / 50",87,,104,"40+","sa3010709"
"Jesus Galiz","C","LAD",,18,"17.3694444","20 / 45",,50,"20 / 45","45 / 50","30 / 20","40 / 60",,,,"40+",
"Luis Rodriguez","CF","LAD",,19,"18.6","25 / 55",,,"20 / 45","35 / 45","55 / 55","45 / 55",,,,"40+","sa3014689"
"Carson Tucker","SS","CLE",,19,"19.2444444","20 / 45",40,40,"20 / 50","45 / 55","55 / 50","45 / 50",,,,"40+","sa3014470"
"Petey Halpin","CF","CLE",,22,"18.9055555","25 / 55",,60,"20 / 40","35 / 45","60 / 60","45 / 55",,,,"40+","sa3014461"
"Junior Sanquintin","SS","CLE",,23,"19.2888888","25 / 50",50,40,"25 / 50","45 / 55","55 / 50","40 / 50",84,0.28,102,"40+","sa3010863"
"Bryce Ball","1B","ATL",,11,"22.7888888","30 / 45",50,45,"35 / 60","70 / 70","40 / 40","45 / 50",92,0.44,107,"40+","sa1170451"
"Braden Shewmake","SS","ATL",,12,"23.425","35 / 55",45,60,"30 / 40","45 / 50","55 / 55","50 / 55",88,0.38,103,"40+","sa3010332"
"Gabriel Rodriguez","3B","CLE",,27,"19.1666666","20 / 40",40,30,"25 / 55","50 / 60","50 / 40","40 / 50",83,0.29,101,"40+","sa3008744"
"Casey Martin","SS","PHI",,11,"22.0416666","30 / 40",20,50,"35 / 50","55 / 60","80 / 80","35 / 45",,,,"40+","sa3014524"
"Yhoswar Garcia","CF","PHI",,14,"19.6083333","20 / 45",,,"20 / 55","50 / 60","70 / 70","40 / 55",,,,"40+",
"Jamari Baylor","2B","PHI",,15,"20.7138888","30 / 40",,,"30 / 45","50 / 55","55 / 55","40 / 50",,,,"40+","sa3011446"
"Kevin Padlo","3B","TBR",,24,"24.7694444","35 / 40",60,40,"45 / 55","60 / 60","40 / 40","45 / 45",92,0.49,109,"40+","16593"
"Osleivis Basabe","SS","TBR",,26,"20.6083333","35 / 55",30,60,"30 / 40","45 / 50","60 / 60","30 / 45",90,0.42,,"40+","sa3006594"
"Osiris Johnson","3B","MIA",,15,"20.5111111","30 / 40",45,40,"35 / 50","55 / 60","50 / 40","40 / 50",87,,106,"40+","sa3008110"
"Connor Scott","CF","MIA",,18,"21.5388888","30 / 45",50,50,"30 / 50","50 / 55","70 / 70","45 / 60",88,,105,"40+","sa3008080"
"Yiddi Cappe","SS","MIA",,19,"18.6805555","20 / 50",,40,"20 / 50","45 / 55","55 / 55","45 / 50",,,,"40+",
"Monte Harrison","CF","MIA",,21,"25.7","30 / 30",50,30,"40 / 40","70 / 70","70 / 70","60 / 60",93,,113,"40+","17216"
"Victor Mesa Jr.","CF","MIA",,22,"19.6222222","25 / 55",50,55,"25 / 40","45 / 50","50 / 50","45 / 55",85,,101,"40+","sa3010700"
"Coby Mayo","RF","BAL",,13,"19.3666666","25 / 55",45,55,"20 / 50","55 / 60","50 / 40","40 / 45",85,,102,"40+","sa3014479"
"Ian Lewis","2B","MIA",,23,"18.2166666","20 / 45",,,"20 / 40","30 / 45","70 / 70","40 / 55",,,,"40+","sa3014691"
"Jahmai Jones","2B","BAL",,14,"23.7166666","40 / 50",45,50,"40 / 45","50 / 50","60 / 60","40 / 45",88,0.39,109,"40+","18872"
"Adael Amador","SS","COL",,8,"18.0305555","20 / 45",45,40,"20 / 40","40 / 50","60 / 60","45 / 55",,,,"40+","sa3014682"
"Anthony Servideo","SS","BAL",,15,"22.1138888","30 / 50",55,45,"35 / 45","45 / 50","55 / 55","45 / 55",88,,104,"40+","sa3014472"
"Adam Hall","SS","BAL",,16,"21.9166666","30 / 45",45,50,"30 / 40","45 / 45","60 / 60","45 / 50",87,0.36,104,"40+","sa3005077"
"Aaron Schunk","3B","COL",,10,"23.7444444","30 / 50",45,45,"30 / 45","55 / 55","45 / 45","50 / 55",88,,106,"40+","sa3009957"
"Julio Carreras","SS","COL",,14,"21.2777777","30 / 45",45,40,"30 / 50","40 / 50","60 / 55","45 / 55",84,,101,"40+","sa3005598"
"Maikol Escotto","2B","PIT",,13,"18.8833333","20 / 45",55,40,"25 / 55","50 / 60","50 / 40","40 / 50",89,0.4,105,"40+","sa3008878"
"Rodolfo Castro","2B","PIT",,34,"21.9194444","30 / 40",40,45,"30 / 50","50 / 55","55 / 50","45 / 50",89,0.43,104,"40","21987"
"Wenceel Perez","SS","DET",,14,"21.4777777","35 / 55",55,50,"30 / 30","40 / 40","60 / 60","40 / 50",84,0.2,100,"40","sa3003326"
"Sergio Campana","CF","PIT",,37,"19.0638888","20 / 45",45,45,"20 / 45","45 / 50","80 / 80","45 / 60",80,0.21,100,"40","sa3009834"
"Trei Cruz","2B","DET",,15,"22.7972222","30 / 50",55,55,"30 / 40","40 / 40","50 / 50","40 / 50",85,,105,"40","sa3014420"
"Adinso Reyes","3B","DET",,16,"19.5","20 / 50",,,"25 / 50","50 / 55","50 / 45","40 / 50",89,0.41,107,"40","sa3008750"
"Jared Triolo","3B","PIT",,39,"23.2055555","30 / 50",55,50,"30 / 45","50 / 50","45 / 45","50 / 55",89,0.4,104,"40","sa3010272"
"Jack Herman","RF","PIT",,40,"21.5611111","30 / 40",50,40,"35 / 55","50 / 55","40 / 40","40 / 50",89,0.42,103,"40","sa3007877"
"Akil Baddoo","CF","DET",,18,"22.6833333","30 / 40",55,40,"30 / 45","50 / 55","60 / 60","40 / 50",88,0.44,105,"40","22168"
"Lolo Sanchez","CF","PIT",,41,"21.9972222","35 / 50",40,55,"20 / 45","30 / 45","60 / 60","45 / 55",82,0.17,101,"40","sa917767"
"Roberto Campos","RF","DET",,19,"17.8555555","20 / 50",,,"25 / 55","55 / 60","45 / 40","40 / 50",,,,"40","sa3014683"
"Shalin Polanco","CF","PIT",,42,"16.4055555","20 / 50",,50,"20 / 50","40 / 50","40 / 40","40 / 50",,,,"40",
"Gage Workman","3B","DET",,20,"21.4944444","30 / 40",50,40,"30 / 50","50 / 55","40 / 40","45 / 60",91,0.52,109,"40","sa3014441"
"Zack Short","SS","DET",,21,"25.8972222","35 / 40",60,40,"45 / 45","45 / 45","45 / 45","50 / 50",87,0.39,107,"40","19562"
"Bryant Packard","LF","DET",,22,"23.5444444","30 / 45",55,50,"35 / 55","55 / 55","30 / 30","35 / 40",86,0.3,106,"40","sa3010590"
"Brainer Bonaci","3B","BOS",,18,"18.7861111","25 / 55",40,60,"20 / 40","45 / 50","40 / 30","30 / 45",88,0.27,99,"40","sa3008836"
"Colt Keith","SS","DET",,23,"19.6888888","25 / 55",,55,"25 / 50","45 / 50","40 / 35","40 / 50",,,,"40","sa3014474"
"Hudson Potts","3B","BOS",,19,"22.4833333","30 / 35",40,45,"45 / 50","70 / 70","40 / 40","40 / 45",89,0.42,112,"40","sa917936"
"Jake Rogers","C","DET",,24,"26.0111111","30 / 30",50,35,"40 / 50","50 / 50","40 / 40","70 / 80",90,0.48,105,"40","19452"
"Connor Wong","C","BOS",,20,"24.925","30 / 35",30,45,"40 / 45","50 / 50","50 / 50","45 / 50",88,0.39,106,"40","sa873978"
"Eduardo Lopez","CF","BOS",,21,"18.9555555","25 / 55",60,55,"20 / 40","40 / 50","55 / 55","45 / 60",84,0.19,100,"40","sa3009275"
"Daz Cameron","CF","DET",,26,"24.2694444","35 / 40",60,40,"40 / 45","50 / 50","50 / 50","50 / 55",88,0.39,109,"40","18353"
"Blaze Jordan","1B","BOS",,22,"18.3416666","25 / 55",50,55,"30 / 55","55 / 60","35 / 30","40 / 60",82,,103,"40","sa3014537"
"Juan Chacon","CF","BOS",,23,"18.3833333","20 / 50",,,"20 / 50","40 / 50","60 / 55","45 / 55",,,,"40","sa3014676"
"Cameron Cannon","2B","BOS",,24,"23.5166666","35 / 55",55,50,"30 / 40","50 / 50","45 / 40","40 / 45",87,,102,"40","sa3011467"
"Ryan Kreidler","3B","DET",,29,"23.4444444","35 / 55",50,50,"30 / 40","45 / 45","45 / 45","45 / 50",86,0.31,102,"40","sa3010587"
"Nick Decker","RF","BOS",,25,"21.5555555","30 / 40",55,40,"35 / 50","55 / 60","50 / 45","40 / 50",87,0.29,101,"40","sa3008590"
"Kody Clemens","2B","DET",,30,"24.9361111","30 / 40",45,45,"40 / 45","55 / 55","40 / 40","40 / 40",89,0.38,104,"40","sa3008002"
"Jack Kenley","2B","DET",,31,"23.5388888","35 / 55",50,45,"30 / 40","45 / 50","50 / 50","45 / 50",82,0.23,101,"40","sa3010718"
"Matthew Lugo","SS","BOS",,29,"19.9527777","30 / 45",45,50,"30 / 40","40 / 50","55 / 55","45 / 50",80,0.13,97,"40","sa1169598"
"Bryan Gonzalez","RF","BOS",,30,"19.5944444","20 / 45",50,40,"25 / 55","50 / 60","40 / 30","35 / 45",87,0.43,102,"40","sa3008805"
"Miguel Bleis","RF","BOS",,33,"17.1416666","20 / 40",,40,"20 / 50","45 / 60","50 / 50","40 / 50",,,,"40",
"Alerick Soularie","2B","MIN",,16,"21.7972222","30 / 45",,,"35 / 50","50 / 55","55 / 55","45 / 55",87,,103,"40","sa3014436"
"Jordan Brewer","CF","HOU",,14,"23.725","30 / 40",45,40,"30 / 50","55 / 55","70 / 70","40 / 50",91,,108,"40","sa3011737"
"Grae Kessinger","SS","HOU",,16,"23.6583333","35 / 45",55,45,"30 / 35","45 / 45","50 / 50","50 / 50",86,,102,"40","sa3010327"
"Emmanuel Rodriguez","CF","MIN",,19,"18.1444444","25 / 55",,,"25 / 50","45 / 55","50 / 50","40 / 50",,,,"40","sa3014693"
"Jose Miranda","2B","MIN",,20,"22.8138888","35 / 55",40,60,"30 / 50","50 / 50","50 / 45","40 / 45",89,0.4,104,"40","sa917952"
"Chas McCormick","RF","HOU",,18,"26.0083333","50 / 50",55,55,"45 / 45","55 / 55","50 / 50","55 / 55",90,,105,"40","19599"
"Dauri Lorenzo","SS","HOU",,19,"18.4805555","25 / 55",,,"25 / 45","40 / 50","50 / 50","45 / 50",,,,"40","sa3014685"
"Zach Daniels","CF","HOU",,21,"22.2472222","30 / 35",,,"35 / 60","70 / 70","60 / 60","40 / 55",,,,"40",
"Ben Rortvedt","C","MIN",,24,"23.575","30 / 40",55,50,"30 / 40","50 / 50","30 / 30","40 / 45",86,0.35,103,"40","sa917942"
"Spencer Steer","2B","MIN",,25,"23.375","35 / 50",50,55,"30 / 45","50 / 50","50 / 45","45 / 50",87,0.3,101,"40","sa3010586"
"Luis Santana","2B","HOU",,24,"21.7555555","35 / 60",45,60,"30 / 35","40 / 40","40 / 40","40 / 45",84,,99,"40","sa921577"
"Danny De Andrade","SS","MIN",,27,"17.0333333","25 / 50",,50,"20 / 40","30 / 45","50 / 50","40 / 50",,,,"40",
"Will Holland","2B","MIN",,28,"23.0111111","30 / 40",50,40,"30 / 45","50 / 50","70 / 70","30 / 40",83,0.25,103,"40","sa3011204"
"Travis Blankenhorn","2B","MIN",,29,"24.7194444","45 / 50",50,40,"40 / 45","55 / 55","40 / 40","40 / 40",91,0.51,106,"40","18395"
"Edouard Julien","LF","MIN",,30,"21.9777777","30 / 40",55,45,"35 / 55","55 / 55","40 / 40","40 / 45",88,,103,"40","sa3014445"
"Kevin Smith","SS","TOR",,14,"24.8","30 / 35",45,30,"45 / 50","55 / 55","55 / 55","40 / 45",89,0.41,106,"40","sa915864"
"Estiven Machado","2B","TOR",,15,"18.55","25 / 60",,,"20 / 30","30 / 40","55 / 55","45 / 60",,,,"40","sa3014715"
"Leonardo Jimenez","SS","TOR",,18,"19.9305555","25 / 55",45,55,"20 / 30","40 / 45","50 / 50","45 / 55",83,0.13,98,"40","sa3006891"
"Manuel Beltre","SS","TOR",,19,"16.8694444","25 / 55",,55,"20 / 40","40 / 45","55 / 55","45 / 50",,,,"40",
"Riley Adams","C","TOR",,20,"24.8222222","30 / 35",45,40,"40 / 50","60 / 60","30 / 30","40 / 45",87,0.37,108,"40","sa829749"
"Shervyen Newton","SS","NYM",,11,"21.9944444","30 / 40",50,30,"30 / 50","55 / 70","50 / 50","40 / 50",87,,103,"40","sa917119"
"Jaylen Palmer","3B","NYM",,12,"20.7277777","30 / 40",45,30,"35 / 50","50 / 60","50 / 40","40 / 45",91,,104,"40","sa3008297"
"Dasan Brown","CF","TOR",,22,"19.575","20 / 45",45,50,"20 / 35","40 / 45","80 / 80","40 / 60",,,97,"40","sa3011717"
"Otto Lopez","2B","TOR",,23,"22.5583333","35 / 55",40,60,"20 / 30","40 / 45","60 / 60","40 / 45",85,0.27,103,"40","sa3004268"
"Will Robertson","RF","TOR",,25,"23.3222222","35 / 50",45,45,"30 / 50","60 / 60","40 / 35","40 / 50",87,0.3,102,"40","sa3009879"
"Freddy Valdez","RF","NYM",,18,"19.3777777","25 / 50",,,"20 / 55","50 / 55","40 / 30","40 / 45",85,,101,"40","sa3009190"
"Carlos Cortes","2B","NYM",,21,"23.8111111","40 / 45",50,60,"45 / 50","55 / 55","40 / 40","20 / 30",88,,102,"40","sa3008079"
"Bryan Ramos","3B","CHW",,13,"19.1111111","20 / 50",45,45,"25 / 50","50 / 55","50 / 45","40 / 50",86,0.33,106,"40","sa3010024"
"Israel Pineda","C","WSN",,9,"21.0527777","30 / 40",40,40,"35 / 45","45 / 50","30 / 20","40 / 45",85,,106,"40","sa3004385"
"Yermin Mercedes","DH","CHW",,15,"28.1888888","55 / 55",30,60,"50 / 50","60 / 60","30 / 30","20 / 20",89,0.4,109,"40","17423"
"Sammy Infante","2B","WSN",,11,"19.8333333","30 / 50",,,"30 / 50","50 / 55","50 / 40","30 / 45",,,,"40","sa3014717"
"Luis Gonzalez","RF","CHW",,16,"25.6166666","50 / 55",45,55,"30 / 30","45 / 45","55 / 55","45 / 50",87,0.31,103,"40","20332"
"Armando Cruz","SS","WSN",,12,"17.2666666","20 / 45",,20,"20 / 30","20 / 30","55 / 55","50 / 70",,,,"40",
"Blake Rutherford","LF","CHW",,17,"23.9722222","40 / 45",50,45,"45 / 50","50 / 50","50 / 50","50 / 50",87,0.46,106,"40","sa917932"
"Yolbert Sanchez","SS","CHW",,18,"24.1361111","30 / 45",,,"30 / 35","45 / 45","60 / 60","50 / 55",89,0.26,101,"40","sa3011471"
"Drew Mendoza","1B","WSN",,14,"23.5333333","30 / 30",70,40,"45 / 55","60 / 70","45 / 40","40 / 45",95,,107,"40","sa3011256"
"Lenyn Sosa","2B","CHW",,20,"21.2416666","35 / 55",30,55,"30 / 45","45 / 55","40 / 30","30 / 40",86,0.27,102,"40","sa3004051"
"Seby Zavala","C","CHW",,21,"27.65","30 / 30",50,35,"40 / 45","55 / 55","30 / 30","50 / 50",87,0.4,104,"40","18887"
"James Beard","CF","CHW",,22,"20.5777777","20 / 40",,,"20 / 35","30 / 40","80 / 80","40 / 70",82,0.25,102,"40","sa3010038"
"Gavin Sheets","1B","CHW",,24,"24.9972222","45 / 50",50,55,"45 / 50","70 / 70","30 / 30","40 / 50",88,0.4,110,"40","sa829797"
"Josh Smith","2B","NYY",,19,"23.7083333","30 / 50",55,60,"30 / 45","50 / 50","50 / 50","45 / 50",88,,104,"40","sa3011703"
"Ryder Green","RF","NYY",,20,"20.9638888","30 / 40",55,40,"35 / 55","65 / 70","55 / 50","45 / 50",89,0.49,108,"40","sa3007875"
"Anthony Seigler","C","NYY",,21,"21.8388888","35 / 55",60,50,"30 / 35","45 / 45","45 / 40","50 / 55",85,0.19,99,"40","sa3006894"
"Antonio Cabello","CF","NYY",,23,"20.475","35 / 55",50,55,"30 / 50","55 / 55","65 / 60","45 / 50",81,0.17,104,"40","sa3005600"
"Josh Breaux","C","NYY",,25,"23.5416666","30 / 40",,40,"30 / 55","70 / 70","30 / 30","40 / 45",91,0.54,108,"40","sa3008051"
"Anthony Garcia","RF","NYY",,27,"20.6305555","30 / 40",50,45,"35 / 60","70 / 80","50 / 40","40 / 45",88,,107,"40","sa3005924"
"Jimmy Glowenke","2B","SFG",,21,"21.8805555","35 / 60",60,60,"30 / 35","45 / 45","40 / 40","40 / 45",,,,"40","sa3014548"
"Trevor Hauver","2B","NYY",,29,"22.4222222","30 / 40",70,45,"35 / 50","50 / 50","40 / 40","30 / 40",,,,"40","sa3014448"
"Marcos Cabrera","3B","NYY",,30,"19.5333333","25 / 50",45,50,"25 / 50","45 / 55","50 / 45","45 / 50",88,0.34,100,"40","sa3008890"
"Dilan Rosario","SS","SFG",,26,"19.85","20 / 40",40,40,"25 / 50","50 / 55","60 / 55","30 / 40",86,0.28,104,"40","sa3010165"
"Aeverson Arteaga","SS","SFG",,27,"18.1","20 / 50",,,"20 / 40","30 / 45","60 / 55","45 / 60",,,,"40","sa3014707"
"Grant McCray","CF","SFG",,29,"20.375","30 / 55",55,50,"30 / 40","40 / 50","60 / 60","45 / 50",89,0.37,104,"40","sa3010042"
"P.J. Hilson","CF","SFG",,30,"20.6583333","20 / 35",40,30,"35 / 45","50 / 55","70 / 70","45 / 55",87,0.38,107,"40","sa3007048"
"Jackson Miller","C","CIN",,15,"19.3027777","20 / 40",,40,"25 / 45","40 / 50","40 / 30","30 / 45",,,97,"40","sa3014529"
"Allan Cerda","RF","CIN",,21,"21.4111111","30 / 40",55,40,"35 / 55","50 / 60","50 / 50","40 / 50",89,0.44,106,"40","sa3005504"
"TJ Friedl","CF","CIN",,23,"25.6888888","45 / 55",60,50,"30 / 35","40 / 40","70 / 70","50 / 55",84,0.24,103,"40","sa943754"
"Stuart Fairchild","CF","ARI",,23,"25.0972222","40 / 45",50,55,"35 / 45","50 / 50","55 / 55","50 / 50",88,0.38,105,"40","sa829822"
"Jeferson Espinal","CF","ARI",,24,"18.875","20 / 50",40,40,"20 / 40","40 / 45","60 / 60","45 / 60",81,0.1,97,"40","sa3008793"
"Andy Young","2B","ARI",,25,"26.95","45 / 45",50,40,"45 / 50","55 / 55","40 / 40","40 / 40",88,0.44,108,"40","19521"
"A.J. Vukovich","1B","ARI",,26,"19.7555555","20 / 45",,,"25 / 55","60 / 70","30 / 20","35 / 45",,,108,"40","sa3014525"
"Alvin Guzman","CF","ARI",,30,"19.5055555","20 / 40",35,30,"20 / 50","45 / 55","60 / 60","40 / 55",87,0.3,101,"40","sa3008748"
"Edmundo Sosa","SS","STL",,16,"25.1277777","45 / 45",30,55,"30 / 30","45 / 45","50 / 50","55 / 55",87,,106,"40","17022"
"Neyfy Castillo","1B","ARI",,33,"20.1388888","30 / 40",35,55,"35 / 55","50 / 60","45 / 40","40 / 50",89,0.44,107,"40","sa3005544"
"Justin Williams","LF","STL",,19,"25.6722222","55 / 55",40,45,"40 / 40","60 / 60","40 / 40","40 / 40",92,,110,"40","15490"
"Alec Burleson","RF","STL",,20,"22.4083333","35 / 55",35,60,"30 / 40","50 / 50","30 / 30","30 / 45",,,,"40","sa3014466"
"Juan Yepez","1B","STL",,21,"23.175","40 / 45",40,45,"40 / 50","60 / 60","40 / 40","40 / 45",89,,107,"40","sa877505"
"Malcom Nunez","1B","STL",,22,"20.1194444","35 / 45",45,50,"30 / 50","55 / 55","30 / 20","30 / 40",90,,106,"40","sa3008113"
"Jorbit Vivas","2B","LAD",,23,"20.1194444","35 / 55",45,55,"25 / 45","35 / 40","45 / 45","40 / 50",84,0.28,103,"40","sa3005511"
"Jake Vogel","CF","LAD",,27,"19.5277777","25 / 50",,55,"20 / 35","40 / 45","70 / 70","45 / 60",,,,"40","sa3014473"
"James Outman","CF","LAD",,31,"23.9388888","30 / 40",50,40,"40 / 50","50 / 55","60 / 60","50 / 55",89,0.37,106,"40","sa3007312"
"Sheldon Neuse","3B","LAD",,32,"26.3666666","35 / 40",45,45,"35 / 55","60 / 60","40 / 40","45 / 50",91,,,"40","19635"
"Zach Reks","DH","LAD",,33,"27.4444444","45 / 45",55,50,"45 / 50","55 / 55","45 / 45","30 / 30",91,0.49,107,"40","sa3004166"
"Brandon Lewis","1B","LAD",,34,"22.4972222","30 / 50",45,45,"30 / 50","55 / 55","30 / 30","35 / 45",89,0.39,107,"40","sa3010035"
"Cristian Santana","3B","LAD",,36,"24.1611111","30 / 45",20,60,"40 / 55","60 / 65","40 / 40","50 / 60",90,0.49,109,"40","sa829387"
"Cristian Santana","3B","LAD",,36,"24.1611111","30 / 45",20,60,"40 / 55","60 / 65","40 / 40","50 / 60",90,0.49,109,"40","sa829387"
"Omar Estevez","2B","LAD",,37,"23.1583333","45 / 55",50,55,"40 / 45","50 / 50","30 / 30","35 / 40",88,0.41,107,"40","sa914242"
"Vaughn Grissom","SS","ATL",,15,"20.2972222","20 / 45",45,45,"25 / 50","50 / 55","50 / 50","40 / 50",84,0.25,103,"40","sa3010711"
"Isaiah Greene","CF","CLE",,28,"19.6472222","20 / 45",,45,"25 / 50","45 / 55","60 / 60","40 / 55",,,,"40","sa3014460"
"Terone Harris","LF","ATL",,16,"25.2694444","35 / 45",40,50,"40 / 50","55 / 55","45 / 45","45 / 50",90,0.44,107,"40","sa3006876"
"Bryan Lavastida","C","CLE",,30,"22.4027777","30 / 45",50,40,"35 / 40","50 / 55","30 / 30","30 / 45",89,0.39,104,"40","sa3006917"
"Richard Palacios","2B","CLE",,31,"23.9333333","35 / 60",60,60,"30 / 30","40 / 40","60 / 60","45 / 50",,,,"40","sa3006908"
"Jesse Franklin V","CF","ATL",,19,"22.3916666","30 / 45",50,45,"35 / 50","50 / 55","50 / 50","40 / 45",89,,105,"40","sa3014532"
"Jose Tena","SS","CLE",,32,"20.0888888","25 / 55",20,60,"20 / 40","40 / 45","55 / 55","40 / 50",85,0.24,106,"40","sa3005482"
"Ambioris Tavarez","3B","ATL",,20,"17.4444444","20 / 45",,40,"20 / 55","45 / 55","45 / 40","40 / 50",,,,"40",
"Jose Fermin","SS","CLE",,34,"22.0638888","35 / 60",45,70,"20 / 30","30 / 35","55 / 55","50 / 55",84,0.28,98,"40","sa917339"
"Nick Maton","SS","PHI",,16,"24.1777777","35 / 40",55,35,"40 / 45","45 / 45","55 / 55","50 / 50",87,0.28,103,"40","21635"
"Milan Tolentino","SS","CLE",,35,"19.4305555","25 / 50",,60,"20 / 30","30 / 40","55 / 55","45 / 60",,,,"40","sa3014544"
"Bobby Bradley","DH","CLE",,37,"24.8972222","30 / 35",60,35,"50 / 55","70 / 70","20 / 20","40 / 45",93,0.56,110,"40","17278"
"Alexfri Planez","RF","CLE",,38,"19.6805555","20 / 40",30,35,"25 / 55","50 / 60","45 / 45","40 / 50",84,,108,"40","sa3005515"
"Angel Genao","SS","CLE",,39,"16.925","20 / 50",,30,"20 / 45","35 / 45","50 / 50","35 / 45",,,,"40",
"Alika Williams","SS","TBR",,27,"22.1111111","35 / 55",,60,"20 / 30","35 / 40","60 / 60","50 / 60",,,,"40","sa3014427"
"Jhailyn Ortiz","1B","PHI",,26,"22.4277777","30 / 40",35,45,"35 / 60","70 / 70","40 / 30","35 / 40",88,0.36,110,"40","sa920180"
"Rodolfo Duran","C","PHI",,27,"23.175","35 / 45",35,50,"35 / 40","50 / 50","40 / 40","50 / 55",89,,107,"40","sa877500"
"Pedro Martinez","2B","TBR",,29,"20.2333333","35 / 50",55,55,"30 / 50","45 / 50","45 / 40","40 / 50",86,0.27,100,"40","sa3005795"
"Curtis Mead","LF","TBR",,33,"20.4888888","25 / 50",40,50,"20 / 50","45 / 55","45 / 40","40 / 50",89,0.35,103,"40","sa3008392"
"Tanner Dodson","SIRP/CF","TBR",,36,"23.9527777","35 / 55",45,50,"30 / 30","40 / 40","60 / 60","40 / 45",,,103,"40","sa3007008"
"Tyler Frank","2B","TBR",,37,"24.2694444","35 / 55",55,55,"30 / 40","45 / 45","50 / 50","45 / 50",86,,107,"40","sa3006660"
"Abiezel Ramirez","SS","TBR",,38,"21.2388888","35 / 50",50,55,"30 / 45","50 / 55","60 / 60","40 / 50",89,0.45,100,"40","sa3003282"
"Jose Devers","2B","MIA",,25,"21.375","50 / 60",45,60,"20 / 20","35 / 40","60 / 60","50 / 55",81,,100,"40","20540"
"Tyler Nevin","1B","BAL",,17,"23.8972222","50 / 55",50,60,"40 / 45","50 / 50","35 / 35","40 / 45",89,0.42,105,"40","sa874752"
"Yusniel Diaz","RF","BAL",,19,"24.5416666","45 / 50",55,55,"40 / 45","50 / 50","40 / 40","50 / 55",88,0.37,109,"40","sa912848"
"Rylan Bannon","3B","BAL",,20,"25","50 / 50",55,60,"40 / 45","45 / 45","50 / 50","40 / 40",86,0.33,105,"40","sa3004162"
"Griffin Conine","RF","MIA",,30,"23.7805555","30 / 35",55,30,"35 / 60","70 / 70","45 / 40","45 / 50",94,,112,"40","sa876060"
"Cadyn Grenier","SS","BAL",,21,"24.4777777","30 / 35",55,40,"35 / 45","50 / 50","70 / 70","50 / 55",87,0.34,105,"40","sa3008140"
"Ezequiel Tovar","SS","COL",,15,"19.725","25 / 55",40,40,"20 / 30","30 / 40","55 / 55","50 / 60",82,,102,"40","sa3008239"
"Diowill Burgos","DH","MIA",,31,"20.2305555","35 / 55",50,45,"35 / 50","50 / 55","30 / 30","30 / 30",89,,107,"40","sa3005740"
"Hudson Haskin","CF","BAL",,22,"22.3111111","35 / 55",55,60,"30 / 40","50 / 50","60 / 60","45 / 55",87,,109,"40","sa3014449"
"Elehuris Montero","3B","COL",,16,"22.6805555","30 / 40",30,55,"35 / 50","55 / 60","30 / 30","40 / 45",88,,106,"40","sa872477"
"Jameson Hannah","LF","COL",,17,"23.7","45 / 55",45,60,"30 / 35","45 / 45","60 / 60","45 / 60",87,,104,"40","sa3007046"
"Darell Hernaiz","SS","BAL",,24,"19.7194444","25 / 50",50,50,"20 / 45","45 / 55","50 / 45","40 / 50",84,,104,"40","sa3011309"
"Victor Victor Mesa","CF","MIA",,34,"24.7555555","40 / 40",30,55,"30 / 30","50 / 50","60 / 60","60 / 60",87,,102,"40","sa3008602"
"Eddy Diaz","2B","COL",,19,"21.1888888","35 / 55",45,55,"30 / 40","40 / 45","60 / 60","45 / 50",87,,105,"40","sa3004979"
"Ramon Urias","2B","BAL",,27,"26.8861111","55 / 55",45,55,"40 / 40","45 / 45","40 / 40","40 / 40",91,0.47,107,"40","18795"
"Grant Lavigne","1B","COL",,21,"21.6527777","30 / 40",55,40,"35 / 50","50 / 60","40 / 30","40 / 50",86,,107,"40","sa3007743"
"Mateo Gil","SS","COL",,24,"20.7444444","30 / 40",,,"30 / 40","45 / 50","50 / 50","45 / 50",88,,106,"40","sa3007050"
"Dalvy Rosario","SS","MIA",,40,"20.75","30 / 40",40,45,"30 / 35","40 / 45","55 / 55","45 / 55",83,,103,"35+","sa3005712"
"Will Banfield","C","MIA",,41,"21.4277777","30 / 40",50,40,"35 / 50","55 / 55","50 / 45","45 / 55",86,,104,"35+","sa3007973"
"Mishael Deson","CF","BAL",,33,"18.7916666","25 / 55",40,55,"20 / 50","30 / 50","60 / 60","40 / 55",,,,"35+","sa3008828"
"Nick Fortes","C","MIA",,42,"24.4472222","40 / 50",55,55,"30 / 35","40 / 40","40 / 40","45 / 50",88,,102,"35+","sa3006714"
"Zach Watson","CF","BAL",,34,"23.825","30 / 50",50,50,"30 / 35","45 / 45","55 / 55","45 / 50",85,,102,"35+","sa3011258"
"Tristan Pompey","LF","MIA",,44,"24.0805555","30 / 35",55,40,"30 / 50","60 / 60","45 / 40","40 / 45",90,,108,"35+","sa3008077"
"Joseph Ortiz","SS","BAL",,36,"22.7722222","30 / 45",50,60,"30 / 35","40 / 45","55 / 55","50 / 60",85,0.22,103,"35+","sa3009889"
"Maverick Handley","C","BAL",,37,"23.1166666","35 / 50",55,55,"30 / 35","40 / 40","50 / 50","45 / 55",85,0.27,101,"35+","sa3010848"
"Ronaiker Palma","C","COL",,31,"21.3055555","35 / 55",40,60,"30 / 35","30 / 40","40 / 40","45 / 60",79,,96,"35+","sa3005624"
"Andrew Daschbach","RF","BAL",,41,"23.5","30 / 50",55,45,"35 / 50","55 / 55","40 / 40","45 / 50",92,,110,"35+","sa3011414"
"Alexander Mojica","1B","PIT",,45,"18.7222222","25 / 55",55,55,"25 / 55","55 / 60","20 / 20","35 / 40",89,0.38,105,"35+","sa3008889"
"Matt Gorski","RF","PIT",,47,"23.3333333","30 / 40",45,40,"30 / 50","50 / 50","55 / 55","45 / 55",88,0.33,104,"35+","sa3010399"
"Luis Tejeda","3B","PIT",,48,"18.6555555","20 / 50",50,45,"25 / 50","45 / 55","40 / 40","40 / 45",86,0.29,101,"35+","sa3008913"
"Osvaldo Gavilan","CF","PIT",,51,"19.5333333","20 / 50",45,55,"20 / 45","40 / 45","50 / 50","45 / 50",83,0.2,99,"35+","sa3008873"
"Andre Lipcius","3B","DET",,37,"22.9166666","35 / 55",45,55,"30 / 40","50 / 50","45 / 45","50 / 55",84,,100,"35+","sa3010401"
"Jose De La Cruz","RF","DET",,38,"19.3027777","20 / 50",45,45,"25 / 55","50 / 60","45 / 30","40 / 50",90,0.43,109,"35+","sa3008747"
"Christian Koss","SS","BOS",,36,"23.2361111","35 / 55",50,50,"30 / 45","45 / 45","50 / 50","40 / 45",90,,103,"35+","sa3011227"
"Sam McMillan","C","DET",,41,"22.3916666","30 / 40",60,45,"30 / 35","40 / 45","40 / 35","45 / 50",85,0.24,102,"35+","sa3004277"
"Naysbel Marcano","C","BOS",,42,"18.9138888","20 / 45",45,45,"20 / 40","45 / 50","20 / 20","45 / 55",88,0.29,100,"35+","sa3008804"
"Marcus Wilson","CF","BOS",,43,"24.6861111","30 / 35",50,35,"40 / 45","55 / 55","60 / 60","45 / 50",90,0.43,106,"35+","sa828703"
"Antoni Flores","3B","BOS",,45,"20.5222222","30 / 40",50,40,"20 / 45","45 / 55","50 / 45","45 / 55",84,0.17,99,"35+","sa3005489"
"Albert Feliz","LF","BOS",,47,"19.025","20 / 35",45,45,"25 / 60","70 / 80","30 / 30","40 / 45",91,0.45,105,"35+","sa3008799"
"Seth Gray","3B","MIN",,31,"22.8944444","30 / 40",60,45,"35 / 55","60 / 60","45 / 45","45 / 50",87,0.3,105,"35+","sa1115752"
"Yunior Severino","2B","MIN",,33,"21.5527777","20 / 35",55,40,"35 / 45","55 / 60","50 / 50","35 / 40",88,0.43,103,"35+","sa3003185"
"Willie Joe Garry Jr.","CF","MIN",,35,"20.8972222","20 / 40",40,45,"25 / 50","45 / 55","55 / 50","45 / 50",85,0.22,104,"35+","sa3007065"
"Wander Javier","SS","MIN",,36,"22.3138888","30 / 50",40,45,"30 / 45","45 / 55","55 / 50","45 / 50",85,0.35,103,"35+","sa917168"
"Nick Gordon","SS","MIN",,37,"25.4944444","40 / 45",40,40,"30 / 40","50 / 50","55 / 55","40 / 45",87,0.36,102,"35+","sa828662"
"Jair Camargo","C","MIN",,38,"21.8083333","30 / 40",30,40,"30 / 50","65 / 65","20 / 20","35 / 45",91,0.48,109,"35+","sa917333"
"Charles Mack","C","MIN",,39,"21.4444444","30 / 45",45,45,"30 / 40","45 / 50","50 / 50","20 / 45",88,0.26,105,"35+","sa3008250"
"Javier D'Orazio","C","TOR",,26,"19.3166666","25 / 55",,,"20 / 45","45 / 50","35 / 30","40 / 50",87,0.22,100,"35+","sa3008876"
"Chavez Young","CF","TOR",,31,"23.7888888","30 / 45",45,60,"30 / 45","50 / 50","55 / 55","45 / 50",84,0.29,104,"35+","sa918963"
"Tanner Morris","LF","TOR",,36,"23.625","35 / 55",55,60,"30 / 40","50 / 50","40 / 40","30 / 40",85,0.25,105,"35+","sa3009873"
"Adrian Hernandez","CF","NYM",,27,"20.2055555","20 / 45",40,45,"25 / 50","50 / 55","50 / 55","40 / 50",90,,104,"35+","sa3005487"
"Will Toffey","3B","NYM",,28,"26.3111111","40 / 50",70,40,"30 / 40","50 / 50","50 / 50","50 / 55",88,,104,"35+","sa829401"
"Desmond Lindsay","CF","NYM",,30,"24.2694444","30 / 35",55,35,"45 / 50","60 / 60","60 / 55","45 / 50",90,,104,"35+","sa874792"
"Roismar Quintana","RF","WSN",,16,"18.2111111","20 / 50",,,"20 / 50","55 / 60","55 / 50","45 / 55",,,,"35+","sa3014718"
"Jackson Cluff","SS","WSN",,17,"24.3861111","40 / 50",50,50,"20 / 30","40 / 40","50 / 50","45 / 50",85,,102,"35+","sa3010342"
"Tres Barrera","C","WSN",,20,"26.6027777","35 / 40",45,40,"30 / 35","40 / 40","30 / 30","50 / 50",,,,"35+","19977"
"Yoelqui Cespedes","RF","CHW",,25,"23.5777777","20 / 30",30,30,"30 / 45","55 / 55","30 / 30","50 / 50",,,,"35+",
"Lency Delgado","3B","CHW",,28,"21.8388888","30 / 40",35,40,"30 / 50","50 / 55","50 / 45","40 / 50",87,0.34,104,"35+","sa3006913"
"Bryce Bush","RF","CHW",,31,"21.3555555","30 / 35",40,35,"35 / 55","55 / 60","50 / 45","30 / 35",90,0.45,110,"35+","sa3008278"
"DJ Gladney","3B","CHW",,32,"19.7722222","20 / 40",30,35,"25 / 55","50 / 60","40 / 40","30 / 40",92,0.47,109,"35+","sa3010043"
"Luis Mieses","CF","CHW",,33,"20.8944444","30 / 55",20,60,"20 / 50","50 / 55","45 / 40","45 / 45",85,0.33,106,"35+","sa3003274"
"Jake Burger","1B","CHW",,34,"25.0333333","35 / 50",50,55,"40 / 55","60 / 60","30 / 30","40 / 45",,,,"35+","sa915698"
"Estevan Florial","CF","NYY",,31,"23.4083333","30 / 30",55,30,"40 / 45","60 / 60","70 / 70","45 / 50",90,0.43,110,"35+","19151"
"Dayro Perez","SS","NYY",,32,"19.2277777","20 / 45",40,40,"20 / 40","35 / 45","60 / 60","45 / 55",85,0.21,100,"35+","sa3009299"
"Brandon Lockridge","CF","NYY",,36,"24.1055555","30 / 40",50,40,"30 / 35","45 / 45","80 / 80","60 / 70",,0.35,,"35+","sa3006856"
"Raimfer Salinas","CF","NYY",,38,"20.3111111","25 / 50",45,30,"20 / 50","50 / 55","60 / 55","45 / 55",82,0.21,101,"35+","sa3005597"
"Logan Wyatt","1B","SFG",,32,"23.4361111","30 / 50",70,55,"35 / 50","50 / 55","30 / 30","45 / 50",87,0.36,105,"35+","sa3011259"
"Alan Mejia","CF","NYY",,40,"19.7555555","20 / 45",,,"25 / 55","45 / 66","55 / 55","40 / 50",87,0.23,103,"35+","sa3008420"
"Tyler Fitzgerald","SS","SFG",,34,"23.6027777","30 / 45",45,40,"30 / 40","45 / 50","55 / 50","45 / 50",86,,103,"35+","sa3011257"
"Roberto Chirinos","SS","NYY",,43,"20.6222222","20 / 50",30,50,"20 / 40","45 / 50","45 / 40","40 / 50",85,0.26,102,"35+","sa3005484"
"Jason Vosler","3B","SFG",,36,"27.6277777","40 / 40",55,40,"50 / 50","60 / 60","30 / 30","40 / 40",91,,108,"35+","16686"
"Garrett Frechette","1B","SFG",,37,"20.3111111","30 / 50",40,45,"30 / 55","50 / 60","30 / 30","40 / 55",86,0.38,106,"35+","sa3010636"
"Chris Gittens","1B","NYY",,46,"27.2166666","35 / 35",55,40,"50 / 55","80 / 80","30 / 30","40 / 40",96,0.65,114,"35+","sa829048"
"Connor Cannon","DH","SFG",,40,"22.9333333","30 / 40",40,40,"35 / 60","80 / 80","20 / 20","40 / 45",95,0.63,116,"35+","sa3010010"
"Madison Santos","CF","NYY",,48,"21.6277777","30 / 45",35,45,"30 / 40","45 / 50","70 / 70","45 / 55",89,0.36,106,"35+","sa3006206"
"Mac Wainwright","RF","CIN",,24,"18.7111111","20 / 45",,,"20 / 55","45 / 60","55 / 50","40 / 50",,,,"35+","sa3014680"
"Eric Yang","C","CIN",,27,"23.0722222","35 / 60",55,55,"30 / 30","35 / 40","30 / 30","40 / 50",85,0.35,102,"35+","sa1169769"
"Mariel Bautista","CF","CIN",,31,"23.5194444","30 / 40",35,50,"20 / 45","55 / 60","60 / 55","45 / 50",85,0.31,105,"35+","sa872535"
"Michel Triana","1B","CIN",,34,"21.4138888","30 / 45",,,"35 / 55","60 / 65","30 / 20","40 / 45",,,,"35+","sa3014681"
"Debby Santana","3B","CIN",,36,"20.6611111","20 / 35",20,40,"20 / 55","60 / 70","40 / 40","35 / 45",93,0.49,112,"35+","sa3003210"
"Yan Contreras","SS","CIN",,37,"20.2277777","20 / 40",40,30,"20 / 45","45 / 55","55 / 55","30 / 45",80,,100,"35+","sa1169894"
"Dominic Fletcher","RF","ARI",,35,"23.6388888","30 / 45",40,50,"40 / 45","50 / 50","45 / 40","50 / 55",89,0.4,108,"35+","sa1115778"
"Blaze Alexander","SS","ARI",,36,"21.8638888","30 / 35",55,35,"30 / 40","50 / 55","45 / 40","45 / 50",87,0.32,104,"35+","sa3007742"
"Buddy Kennedy","3B","ARI",,37,"22.5472222","35 / 55",55,60,"35 / 45","50 / 50","35 / 30","30 / 40",88,0.38,106,"35+","sa3004617"
"Leonardo Bernal","C","STL",,24,"17.1916666","20 / 50",,,"20 / 40","40 / 45","40 / 40","30 / 55",,,,"35+",
"Glenallen Hill Jr.","2B","ARI",,39,"20.5611111","30 / 35",55,40,"30 / 50","45 / 50","70 / 70","30 / 45",84,0.25,102,"35+","sa3010335"
"Ali Sanchez","C","STL",,26,"24.2555555","35 / 40",45,50,"30 / 30","40 / 40","30 / 30","55 / 55",86,,,"35+","18551"
"Patrick Romeri","RF","STL",,27,"19.8138888","20 / 45",45,45,"20 / 45","40 / 50","50 / 50","40 / 50",88,,106,"35+","sa3010723"
"Adanson Cruz","LF","STL",,28,"20.5444444","30 / 40",40,40,"35 / 55","50 / 60","40 / 40","30 / 40",,,,"35+","sa3005722"
"Edgardo Rodriguez","C","STL",,33,"20.3972222","30 / 45",45,50,"30 / 40","40 / 45","30 / 30","40 / 50",,,,"35+","sa3005532"
"Carson Taylor","C","LAD",,38,"21.8888888","30 / 50",,,"30 / 50","55 / 55","20 / 20","30 / 35",,,,"35+","sa3014468"
"Jose Ramos","CF","LAD",,39,"20.3083333","20 / 50",,,"20 / 30","30 / 45","60 / 60","50 / 70",,,,"35+","sa3008845"
"Devin Mann","2B","LAD",,42,"24.1972222","40 / 50",55,45,"40 / 45","50 / 50","40 / 40","40 / 45",89,0.42,105,"35+","sa3006869"
"Jeren Kendall","CF","LAD",,47,"25.2166666","30 / 30",50,30,"40 / 45","55 / 55","70 / 70","55 / 60",87,0.34,104,"35+","sa829529"
"DJ Peters","CF","LAD",,49,"25.3611111","30 / 35",50,40,"45 / 55","70 / 70","60 / 50","45 / 50",89,0.42,110,"35+","19348"
"Yordys Valdes","SS","CLE",,40,"19.6833333","20 / 40",45,35,"20 / 40","40 / 45","55 / 55","50 / 60",80,0.07,99,"35+","sa3010037"
"Stephen Paolini","CF","ATL",,28,"20.4138888","20 / 50",,,"20 / 40","50 / 55","65 / 65","45 / 50",85,0.24,104,"35+","sa3010720"
"CJ Alexander","3B","ATL",,29,"24.7638888","35 / 45",55,40,"40 / 50","60 / 60","40 / 40","40 / 45",89,0.32,106,"35+","sa3006912"
"Jhonkensy Noel","1B","CLE",,47,"19.7694444","20 / 45",40,45,"25 / 60","55 / 70","30 / 20","40 / 55",90,0.42,112,"35+","sa3005579"
"Steven Kwan","CF","CLE",,49,"23.6305555","35 / 60",55,65,"30 / 30","30 / 30","45 / 45","50 / 55",86,0.14,99,"35+","sa3008536"
"Marcus Lee Sang","RF","PHI",,33,"20.3055555","20 / 45",45,40,"25 / 50","45 / 50","55 / 50","40 / 50",86,0.32,103,"35+","sa3011445"
"Kendall Simmons","SS","PHI",,34,"21.0305555","20 / 35",40,40,"35 / 55","55 / 65","55 / 50","40 / 50",87,0.43,109,"35+","sa3006867"
"Baron Radcliff","1B","PHI",,35,"22.2027777","30 / 40",,,"35 / 55","70 / 70","30 / 30","40 / 45",,,111,"35+","sa3014424"
"Carlos De La Cruz","RF","PHI",,37,"21.5444444","30 / 35",35,35,"35 / 55","55 / 70","55 / 50","40 / 50",89,0.39,108,"35+","sa3006903"
"Esteban Quiroz","2B","TBR",,42,"29.1805555","55 / 55",55,55,"35 / 35","45 / 45","40 / 40","40 / 40",91,0.39,,"35+","sa596560"
"Nick Schnell","CF","TBR",,45,"21.0694444","30 / 35",30,45,"35 / 55","55 / 60","60 / 60","40 / 50",89,0.42,107,"35+","sa3007639"
"Moises Gomez","RF","TBR",,49,"22.6527777","30 / 40",40,50,"40 / 55","60 / 60","50 / 40","45 / 50",92,0.46,110,"35+","sa875163"
"Alexander Ovalles","1B","TBR",,50,"20.5444444","35 / 60",50,60,"20 / 45","45 / 50","30 / 30","45 / 60",89,0.39,,"35+","sa3005781"
"Jhonny Piron","CF","TBR",,53,"16.8888888","20 / 45",,20,"20 / 40","40 / 50","70 / 70","40 / 60",,,,"35+",
"Jhon Diaz","CF","TBR",,54,"18.5583333","20 / 50",,,"20 / 45","40 / 45","50 / 45","45 / 50",,,,"35+",
"Yoelvis Sanchez","CF","MIA",,38,"18.9861111","20 / 45",,,"20 / 40","35 / 45","60 / 60","40 / 55",,,,"35+","sa3008777"
"Cal Stevenson","CF","TBR",,56,"24.6111111","50 / 60",60,70,"30 / 30","35 / 35","60 / 60","40 / 40",85,0.21,98,"35+","sa3006871"
"Cristhian Rodriguez","3B","MIA",,39,"19.3305555","20 / 50",40,40,"20 / 50","45 / 55","40 / 35","40 / 50",83,,99,"35+","sa3008785"
"Logan Driscoll","C","TBR",,57,"23.4694444","30 / 40",55,40,"30 / 45","50 / 55","30 / 30","40 / 45",,,,"35+","sa3009882"