Name,Pos,Org,Top 100,Org Rk,Age,TJ Date,FB Type,FB,SL,CB,CH,CMD,RPM FB,RPM Break,Sits,Tops,FV,playerId
"MacKenzie Gore","SP","SDP",2,0,"22.1611111",,"Rise","55 / 60","50 / 55","50 / 50","50 / 60","50 / 70",2150,2000,"91-95","97","70","sa3005068"
"Nate Pearson","SP","TOR",10,1,"24.6722222",,"Rise","70 / 70","65 / 70","45 / 45","40 / 55","45 / 50",2350,2600,"95-100","102","60","20160"
"Luis Patino","SP","TBR",12,3,"21.4888888",,"Rise","65 / 65","55 / 60","","45 / 55","40 / 60",2500,2500,"93-97","99","60","22815"
"Ian Anderson","SP","ATL",13,2,"22.9722222",,"Rise","55 / 60","","50 / 55","70 / 70","55 / 60",2150,1700,"91-95","97","60","19951"
"Matt Manning","SP","DET",18,2,"23.2333333",,"Rise","60 / 60","","60 / 60","50 / 55","45 / 55",2100,2300,"93-96","98","60","sa917924"
"Tarik Skubal","SP","DET",22,3,"24.4222222","4/20/16","Rise","70 / 70","60 / 60","45 / 45","45 / 50","35 / 45",2400,2250,"93-96","97","60","22267"
"Asa Lacy","SP","KCR",24,0,"21.8888888",,"Rise","60 / 65","60 / 70","50 / 55","45 / 50","30 / 45",2200,2400,"93-96","97","55","sa3014423"
"Max Meyer","SP","MIA",25,1,"22.1111111",,"Sink/Tail","60 / 70","65 / 70","","45 / 55","30 / 45",,,"94-98","101","55","sa3014430"
"Sixto Sanchez","SP","MIA",27,2,"22.7305555",,"Tail","60 / 60","50 / 50","","60 / 70","50 / 55",2100,2400,"95-99","101","55","19680"
"Josiah Gray","SP","LAD",28,1,"23.3361111",,"Rise/Tail","55 / 55","50 / 55","","50 / 55","50 / 60",2300,2400,"92-95","96","55","sa3007475"
"Grayson Rodriguez","SP","BAL",29,2,"21.4333333",,"Tail","60 / 60","50 / 55","55 / 55","55 / 60","40 / 50",2400,2650,"90-95","97","55","sa3008130"
"Casey Mize","SP","DET",31,4,"23.975",,"Tail","55 / 55","60 / 60","","","55 / 60",2250,2500,"92-95","97","55","20492"
"Spencer Howard","SP","PHI",32,1,"24.7333333",,"Rise","55 / 55","50 / 55","55 / 55","60 / 60","40 / 45",2350,2400,"93-97","98","55","23252"
"Michael Kopech","SP","CHW",33,2,"24.9777777","9/18/18","Rise","70 / 70","55 / 60","50 / 55","40 / 45","40 / 45",2550,2600,"94-98","101","55","17282"
"Logan Gilbert","SP","SEA",36,0,"23.9638888",,"Rise","55 / 60","45 / 50","50 / 50","45 / 55","50 / 60",2250,2550,"91-94","96","55","sa3008598"
"Quinn Priester","SP","PIT",45,2,"20.6027777",,"Rise","55 / 60","","70 / 80","40 / 50","30 / 45",2150,2500,"94-97","99","55","sa3011297"
"Emerson Hancock","SP","SEA",56,0,"21.8944444",,"Tail","55 / 60","55 / 60","45 / 50","55 / 60","35 / 55",,,"93-96","97","50","sa3014456"
"Triston McKenzie","SP","CLE",57,2,"23.7222222",,"Rise","50 / 50","45 / 50","55 / 55","45 / 50","50 / 60",2350,2200,"90-95","97","50","18000"
"Deivi Garcia","SP","NYY",59,2,"21.925",,"Rise","50 / 50","45 / 50","60 / 60","55 / 60","50 / 55",2200,2700,"91-95","97","50","20276"
"Daniel Lynch","SP","KCR",61,0,"24.4305555",,"Tail","55 / 55","50 / 55","50 / 50","45 / 50","50 / 60",2350,2250,"91-95","97","50","sa3007588"
"Edward Cabrera","SP","MIA",62,5,"23.025",,"Tail","60 / 60","50 / 60","","45 / 55","45 / 50",2250,2300,"93-97","99","50","sa920423"
"Simeon Woods Richardson","SP","TOR",72,3,"20.5694444",,"Cut/Rise","50 / 55","","50 / 50","55 / 60","40 / 55",2300,2350,"90-94","97","50","sa3008423"
"Garrett Crochet","SIRP","CHW",73,4,"21.8361111",,"Rise","80 / 80","65 / 70","","30 / 40","30 / 40",2500,2400,"99-101","102","50","27463"
"George Kirby","SP","SEA",75,0,"23.2055555",,"Rise","50 / 55","40 / 45","50 / 55","45 / 55","55 / 70",2150,2300,"91-96","97","50","sa3011526"
"Jordan Balazovic","SP","MIN",80,5,"22.5972222",,"Rise","55 / 55","50 / 55","55 / 55","40 / 45","45 / 55",2150,2200,"91-94","96","50","sa918017"
"Jhoan Duran","SP","MIN",81,6,"23.2888888",,"Sink","60 / 60","","50 / 55","45 / 50","40 / 45",1800,2700,"95-99","101","50","sa873347"
"DL Hall","MIRP","BAL",82,3,"22.5916666",,"Tail","60 / 60","","55 / 55","50 / 55","30 / 40",2400,2500,"93-96","98","50","sa3005282"
"Daniel Espino","SP","CLE",91,6,"20.2972222",,"Sink/Tail","65 / 65","55 / 60","50 / 55","45 / 55","30 / 50",2250,2600,"94-97","99","50","sa3011495"
"Mick Abel","SP","PHI",94,2,"19.6777777",,"Rise/Tail","50 / 60","","50 / 60","45 / 55","25 / 55",,,"92-94","97","50","sa3014534"
"Matthew Allan","SP","NYM",95,3,"20.0138888",,"Rise","55 / 60","","55 / 70","45 / 60","30 / 45",2450,2600,"93-96","97","50","sa3011740"
"Luis Medina","MIRP","NYY",96,5,"21.9694444",,"Tail","65 / 70","","60 / 70","45 / 55","30 / 40",2500,2350,"94-98","101","50","sa928510"
"Gregory Santos","MIRP","SFG",97,5,"21.65",,"Cut","60 / 60","60 / 70","","45 / 50","30 / 45",2450,2650,"93-98","100","50","21894"
"A.J. Puk","SP","OAK",98,0,"25.9916666","4/10/18","Rise","65 / 65","60 / 60","50 / 55","55 / 60","45 / 50",2250,2250,"94-97","99","50","19343"
"Tahnaj Thomas","SP","PIT",99,4,"21.85",,"Rise","70 / 80","45 / 55","","30 / 40","35 / 60",2300,2400,"93-98","100","50","sa3003066"
"Hunter Greene","SP","CIN",100,3,"21.7111111","4/9/19","Tail","60 / 65","50 / 55","","45 / 55","35 / 60",2300,2325,"95-98","103","50","sa3005315"
"Nick Lodolo","SP","CIN",101,4,"23.2138888",,"Tail","45 / 50","","55 / 55","50 / 55","45 / 55",2250,2400,"91-94","96","50","sa917947"
"Trevor Rogers","SP","MIA",103,6,"23.4416666",,"Tail","60 / 60","40 / 45","","55 / 60","60 / 60",2400,2150,"91-96","97","50","22286"
"Shane Baz","SIRP","TBR",105,7,"21.8472222",,"Rise","60 / 70","","55 / 60","40 / 40","30 / 40",2600,2550,"92-97","100","50","sa3004765"
"Slade Cecconi","SP","ARI",108,5,"21.8277777",,"Rise/Tail","55 / 60","55 / 60","50 / 55","40 / 45","35 / 50",,,"92-96","97","50","sa3014739"
"Matthew Liberatore","SP","STL",109,4,"21.4611111",,"Sink","45 / 50","45 / 55","60 / 60","50 / 55","35 / 55",2000,2800,"92-95","97","50","sa3008163"
"Brailyn Marquez","SIRP","CHC",111,0,"22.2277777",,"Sink/Tail","70 / 80","50 / 50","","50 / 55","30 / 40",2250,2250,"93-97","100","50","21896"
"Corbin Martin","SP","ARI",113,6,"25.3166666","7/4/19","Rise","45 / 50","55 / 55","55 / 55","50 / 55","50 / 55",2400,2650,"93-95","98","50","19884"
"Miguel Yajure","SP","PIT",114,7,"22.975","11/22/16","Cut/Rise","50 / 55","","50 / 50","50 / 55","50 / 60",2250,2600,"91-95","97","50","21111"
"Shane McClanahan","MIRP","TBR",117,9,"23.9833333","10/29/15","Tail","65 / 65","","55 / 60","40 / 45","35 / 40",2300,2700,"93-97","100","50","sa3008547"
"Hunter Brown","SP","HOU",118,2,"22.6472222",,"Cut/Rise","60 / 60","50 / 55","60 / 70","40 / 50","30 / 45",2300,2500,"92-95","97","50","sa3010571"
"Seth Johnson","SP","TBR",120,10,"22.5916666",,"Rise","55 / 60","50 / 60","45 / 50","40 / 45","30 / 50",2400,2650,"92-97","99","50","sa3011342"
"Brendan McKay","SP","TBR",121,11,"25.3444444",,"Sink","55 / 55","","55 / 55","50 / 55","55 / 70",2250,2050,"91-95","96","50","20186"
"Yerry Rodriguez","SP","TEX",122,0,"23.5194444",,"Tail","55 / 60","","45 / 55","55 / 60","45 / 55",2500,2700,"92-96","98","50","sa918130"
"Aaron Ashby","MIRP","MIL",125,0,"22.9111111",,"Tail","50 / 55","50 / 55","55 / 60","45 / 50","35 / 40",2050,2300,"90-94","96","50","sa3007225"
"Matt Canterino","MIRP","MIN",126,7,"23.3555555",,"Cut/Rise","50 / 55","55 / 60","50 / 55","55 / 60","40 / 45",2200,2450,"90-93","95","50","sa3011530"
"Bryan Mata","MIRP","BOS",,3,"21.9694444",,"Sink","60 / 60","45 / 45","50 / 50","55 / 60","40 / 50",2500,2600,"93-96","99","45+","sa917784"
"Jairo Solis","SP","HOU",,3,"21.3333333","8/1/18","Cut/Rise","60 / 60","50 / 50","60 / 60","45 / 55","30 / 45",2300,2500,"92-95","97","45+","sa3003037"
"Alek Manoah","SP","TOR",,8,"23.2861111",,"Rise","60 / 60","60 / 70","","40 / 50","35 / 50",2350,2350,"94-97","98","45+","sa3011725"
"Jackson Rutledge","SP","WSN",,1,"22.0583333",,,"70 / 70","60 / 70","45 / 50","45 / 50","30 / 40",2450,2350,"95-98","101","45+","sa3011338"
"Clarke Schmidt","SP","NYY",,8,"25.1722222","5/3/17","Sink","60 / 60","","70 / 70","40 / 45","45 / 45",2350,3000,"91-95","96","45+","19899"
"Yoendrys Gomez","SP","NYY",,9,"21.5194444",,"Rise/Tail","55 / 60","","50 / 55","40 / 50","40 / 55",2500,2550,"93-96","98","45+","sa3004650"
"Kyle Harrison","SP","SFG",,8,"19.6944444",,"Tail","50 / 55","45 / 50","","45 / 60","25 / 55",,,"90-92","94","45+","sa3014513"
"Lyon Richardson","SP","CIN",,6,"21.2611111",,"Rise","45 / 50","45 / 50","50 / 50","45 / 55","45 / 55",2250,2500,"89-93","95","45+","sa3007727"
"Blake Walston","SP","ARI",,7,"19.8166666",,"Rise","40 / 45","40 / 45","55 / 70","45 / 55","25 / 55",2150,,"88-92","93","45+","sa3011814"
"Ryan Pepiot","MIRP","LAD",,6,"23.6694444",,"Rise","55 / 60","","50 / 55","60 / 70","35 / 45",2450,2800,"90-93","94","45+","sa3011244"
"Clayton Beeter","SIRP","LAD",,7,"22.5361111","10/1/17","Rise","70 / 70","70 / 70","60 / 60","30 / 40","30 / 40",2550,2800,"94-97","98","45+","sa3014536"
"Bobby Miller","SP","LAD",,8,"22.0472222",,"Sink","60 / 65","55 / 60","","45 / 55","30 / 45",2200,2350,"92-96","98","45+","sa3014422"
"Francisco Morales","SIRP","PHI",,3,"21.4861111",,"Tail","55 / 60","60 / 70","","35 / 45","30 / 45",2500,2400,"93-96","98","45+","sa3004581"
"JJ Goss","SP","TBR",,16,"20.325",,"Tail","50 / 55","50 / 55","","","35 / 55",2600,2400,"91-94","96","45+","sa3011420"
"Brennan Malone","SP","PIT",,9,"20.6222222",,"Sink","55 / 60","50 / 55","50 / 55","40 / 50","35 / 50",2300,2300,"92-96","99","45+","sa3011741"
"Noah Song","SP","BOS",,5,"23.9",,"Rise/Tail","55 / 60","50 / 55","50 / 55","40 / 45","40 / 50",2350,2500,"93-95","99","45","sa3011695"
"Joey Wentz","SP","DET",,10,"23.5444444","3/17/20","Cut/Rise","45 / 45","","45 / 50","55 / 60","45 / 55",2350,2350,"88-92","94","45","sa917946"
"Tanner Houck","MIRP","BOS",,6,"24.8138888",,"Tail","55 / 55","55 / 60","","","45 / 50",2350,2700,"91-94","96","45","19879"
"Connor Seabold","SP","BOS",,8,"25.2444444",,"Rise","45 / 50","50 / 50","45 / 45","55 / 60","55 / 60",,,"90-93","94","45","sa829464"
"Luis Garcia","SP","HOU",,5,"24.3583333",,"Rise","50 / 50","55 / 55","45 / 50","55 / 60","50 / 50",2400,2500,"91-94","96","45","23735"
"Bryan Abreu","SIRP","HOU",,6,"24",,"Rise/Tail","60 / 60","70 / 70","80 / 80","","30 / 30",2250,3000,"93-96","97","45","16609"
"J.T. Ginn","SP","NYM",,7,"21.9222222",,,"50 / 55","55 / 60","","45 / 50","35 / 50",,,"91-94","96","45","sa3014428"
"Jared Kelley","SP","CHW",,5,"19.5527777",,"Sink","55 / 60","","40 / 45","60 / 70","25 / 50",2300,2100,"92-96","99","45","sa3014471"
"Cade Cavalli","SP","WSN",,2,"22.6888888",,,"55 / 60","55 / 55","55 / 60","40 / 50","35 / 45",,,"93-97","98","45","sa3014421"
"Alexander Vizcaino","SIRP","NYY",,11,"23.9166666",,"Tail","60 / 60","45 / 50","","60 / 70","30 / 35",2150,2500,"93-97","98","45","sa920272"
"Luis Gil","SIRP","NYY",,13,"22.8861111",,"Rise","70 / 70","50 / 50","","40 / 45","40 / 45",2550,2750,"93-97","99","45","sa877821"
"Seth Corry","MIRP","SFG",,10,"22.4694444",,"Sink","50 / 55","","55 / 60","50 / 50","35 / 40",2200,2600,"90-94","95","45","sa3004648"
"Tristan Beck","SP","SFG",,12,"24.8277777",,"Rise","50 / 50","45 / 45","55 / 55","55 / 55","40 / 45",2250,2400,"89-94","95","45","sa3008526"
"Drey Jameson","SP","ARI",,8,"23.6805555",,"Tail","55 / 60","50 / 50","55 / 60","45 / 50","30 / 45",2300,2550,"93-96","98","45","sa3011652"
"Bryce Jarvis","SP","ARI",,9,"23.3222222",,"Rise","50 / 55","50 / 55","45 / 50","50 / 55","35 / 60",,,"92-94","97","45","sa3014437"
"Ryne Nelson","MIRP","ARI",,11,"23.225",,"Cut/Rise","60 / 60","55 / 60","50 / 55","40 / 50","30 / 40",2150,2500,"93-96","97","45","sa3011524"
"Tommy Henry","SP","ARI",,12,"23.7305555",,"Rise","45 / 50","50 / 55","","50 / 55","35 / 50",2300,2150,"88-92","93","45","sa3011673"
"Matt Tabor","SP","ARI",,13,"22.7722222",,"Rise/Tail","45 / 45","","50 / 55","55 / 60","35 / 50",2450,2450,"90-93","94","45","sa3005334"
"Zack Thompson","SP","STL",,6,"23.4833333",,"Sink","40 / 45","45 / 50","60 / 60","","45 / 50",2050,2900,"91-94","97","45","sa3011128"
"Masyn Winn","SIRP/SS","STL",,7,"19.0861111",,,"60 / 70","","60 / 70","30 / 50","20 / 40",,,"93-96","98","45","sa3014506"
"Johan Oviedo","MIRP","STL",,8,"23.1388888",,"Rise","55 / 60","55 / 60","50 / 50","45 / 50","35 / 45",2300,2500,"93-95","99","45","22487"
"Andre Jackson","SP","LAD",,14,"24.975","11/1/16","Rise","50 / 50","","50 / 50","45 / 50","45 / 50",2400,2400,"90-93","95","45","sa829605"
"Lenny Torres","SP","CLE",,10,"20.5194444","5/15/19","Tail","60 / 60","50 / 60","","40 / 50","40 / 50",2250,2400,"92-95","97","45","sa3008329"
"Ethan Hankins","SP","CLE",,12,"20.9138888",,"Tail","55 / 60","50 / 55","50 / 50","45 / 50","30 / 50",2350,2500,"92-95","97","45","sa3008589"
"Sam Hentges","SIRP","CLE",,13,"24.7611111","7/5/17","Sink","65 / 65","","55 / 55","45 / 45","35 / 40",2200,2400,"91-95","99","45","18548"
"Carlos Vargas","SIRP","CLE",,15,"21.525",,"Sink","55 / 65","55 / 60","","35 / 45","30 / 40",2250,2400,"94-97","99","45","sa3007467"
"Joey Cantillo","SP","CLE",,17,"21.3444444",,"Rise","45 / 50","","40 / 45","55 / 60","40 / 55",2000,2400,"87-90","92","45","sa3005246"
"Kyle Muller","MIRP","ATL",,7,"23.5416666",,"Rise","70 / 70","55 / 60","55 / 55","45 / 45","30 / 35",2600,2200,"95-96","98","45","sa917931"
"Bryse Wilson","SP","ATL",,9,"23.3388888",,"Rise","45 / 45","40 / 40","55 / 55","40 / 45","55 / 60",2250,2350,"92-94","96","45","19990"
"Jared Shuster","SP","ATL",,10,"22.7194444",,"Rise","55 / 60","45 / 50","","55 / 60","30 / 45",2300,2100,"93-95","97","45","sa3014483"
"Erik Miller","SP","PHI",,7,"23.1916666",,"Sink","45 / 50","50 / 55","50 / 55","55 / 60","30 / 50",2350,2750,"90-95","96","45","sa3011336"
"Drew Strotman","SP","TBR",,17,"24.6361111","6/1/18",,"50 / 55","","50 / 55","30 / 40","45 / 50",2200,2550,"92-95","97","45","sa3004584"
"Joe Ryan","MIRP","TBR",,18,"24.8805555",,"Rise","60 / 60","","50 / 50","45 / 50","50 / 60",2200,2550,"90-94","96","45","sa3007584"
"Cole Wilcox","SP","TBR",,21,"21.7722222",,"Sink/Tail","55 / 60","55 / 60","","45 / 55","35 / 45",2100,2100,"93-97","100","45","sa3014443"
"Nick Bitsko","SP","TBR",,22,"18.85",,"Rise","50 / 60","","50 / 60","35 / 50","25 / 50",,,"92-95","97","45","sa3014476"
"Nick Neidert","SP","MIA",,9,"24.4222222",,,"40 / 40","45 / 45","45 / 45","60 / 60","60 / 70",2300,2250,"90-93","95","45","18699"
"Dean Kremer","SP","BAL",,10,"25.2916666",,"Rise","50 / 50","","55 / 55","40 / 40","55 / 60",2300,2500,"91-94","96","45","19350"
"Michael Baumann","SP","BAL",,11,"25.6166666",,"Rise","60 / 60","50 / 50","50 / 50","40 / 45","40 / 45",2350,2400,"92-95","97","45","sa829681"
"Chris McMahon","SP","COL",,5,"22.2166666",,"Tail","50 / 55","50 / 55","","45 / 55","35 / 50",,,"92-95","97","45","sa3014429"
"Cody Bolton","SP","PIT",,12,"22.8416666",,"Sink","50 / 50","55 / 55","","50 / 50","50 / 50",2450,2600,"92-95","97","45","sa3004975"
"Roansy Contreras","SP","PIT",,15,"21.4583333",,"Rise","50 / 55","50 / 55","","50 / 55","45 / 50",2400,2500,"92-95","96","40+","sa3003020"
"Jared Jones","SIRP","PIT",,17,"19.7111111",,"Rise","60 / 60","50 / 60","55 / 55","40 / 50","20 / 35",,,"93-97","99","40+","sa3014459"
"Jose Soriano","SIRP","PIT",,22,"22.5055555","2/6/20","Rise","55 / 60","","50 / 55","30 / 40","30 / 40",2250,2300,"93-97","99","40+","sa916702"
"Luis Oviedo","MIRP","PIT",,23,"21.9361111",,"Tail","55 / 60","","55 / 55","45 / 55","30 / 40",2250,2350,"94-96","98","40+","21728"
"Eddy Yean","SP","PIT",,25,"19.825",,"Tail","50 / 60","50 / 55","","45 / 55","25 / 50",2300,2350,"91-94","96","40+","sa3006543"
"Nick Mears","SIRP","PIT",,27,"24.5416666",,"Rise","70 / 70","","50 / 55","","20 / 35",2400,2450,"94-97","98","40+","25376"
"Alex Lange","SIRP","DET",,11,"25.5555555",,"Rise","60 / 60","60 / 60","50 / 50","55 / 55","35 / 40",2300,2150,"95-97","98","40+","19883"
"Eduard Bazardo","SIRP","BOS",,11,"25.6416666",,"Rise","55 / 60","","70 / 70","","30 / 35",2250,2900,"94-96","98","40+","20997"
"Brayan Bello","SIRP","BOS",,12,"21.9305555",,"Tail","55 / 60","40 / 45","","55 / 60","30 / 40",2250,2400,"92-95","98","40+","sa3005436"
"Jay Groome","SP","BOS",,13,"22.6638888","5/15/18","Rise","50 / 50","40 / 45","55 / 55","45 / 50","40 / 50",2250,2500,"92-94","95","40+","sa917925"
"Thad Ward","MIRP","BOS",,14,"24.2666666",,"Tail","45 / 50","50 / 55","45 / 45","40 / 45","40 / 45",2250,2700,"90-94","96","40+","sa3008098"
"Aldo Ramirez","SP","BOS",,15,"19.9611111",,"Rise","45 / 50","45 / 50","","45 / 55","35 / 60",2150,2200,"90-95","96","40+","sa3005371"
"Peter Solomon","SP","HOU",,9,"24.6833333","6/1/19",,"50 / 50","50 / 50","50 / 50","55 / 60","40 / 45",2350,2550,"90-94","95","40+","20476"
"Tyler Ivey","MIRP","HOU",,10,"24.9444444",,"Rise","55 / 55","45 / 50","60 / 60","45 / 50","40 / 40",2350,2700,"90-92","95","40+","sa3004574"
"Josh Winder","SP","MIN",,13,"24.5305555",,"Rise","50 / 55","50 / 50","45 / 50","45 / 50","40 / 45",2150,2400,"91-93","96","40+","sa3007993"
"Forrest Whitley","MIRP","HOU",,11,"23.6027777","3/17/21","Rise","60 / 60","55 / 55","60 / 60","60 / 60","30 / 40",2500,2900,"93-97","99","40+","sa917930"
"Cole Sands","SP","MIN",,14,"23.7638888",,"Tail","50 / 55","","55 / 55","45 / 50","40 / 45",2450,3000,"91-94","96","40+","sa3008611"
"Shawn Dubin","SIRP","HOU",,13,"25.6277777",,"Rise","55 / 55","60 / 60","50 / 50","","40 / 40",2300,2750,"92-95","97","40+","sa3007248"
"CJ Van Eyk","SP","TOR",,10,"22.6027777",,"Rise","50 / 50","50 / 55","45 / 50","50 / 55","30 / 45",2250,,"91-94","96","40+","sa3014713"
"Julian Merryweather","SIRP","TOR",,12,"29.5222222","3/10/18","Rise","70 / 70","50 / 50","45 / 45","60 / 60","45 / 45",2200,2550,"96-98","99","40+","16703"
"Thomas Szapucki","MIRP","NYM",,10,"24.8611111","7/19/17","Tail","50 / 55","","60 / 60","40 / 45","40 / 45",2200,2400,"88-94","96","40+","sa875054"
"Zack Burdi","SIRP","CHW",,6,"26.1194444","7/27/17","Tail","65 / 65","55 / 55","","55 / 55","30 / 35",2600,2700,"96-98","100","40+","19159"
"Andry Lara","SP","WSN",,4,"18.2944444",,,"45 / 55","50 / 55","","40 / 50","25 / 55",,,"89-93","96","40+","sa3014716"
"Seth Romero","MIRP","WSN",,6,"25.0083333","8/30/18","Sink","45 / 50","55 / 60","","55 / 60","40 / 40",2300,2300,"91-93","96","40+","21333"
"Matt Cronin","SIRP","WSN",,7,"23.5888888",,"Rise","60 / 65","","55 / 60","40 / 45","40 / 45",2400,2550,"93-95","96","40+","sa3011463"
"Cole Henry","SIRP","WSN",,8,"21.7694444",,"Tail","55 / 60","","50 / 60","40 / 50","30 / 45",,,"91-96","96","40+","sa3014446"
"T.J. Sikkema","SP","NYY",,15,"22.7416666",,"Tail","45 / 50","50 / 55","","40 / 50","45 / 60",2250,2300,"90-94","95","40+","sa3011191"
"Nick Swiney","SP","SFG",,16,"22.1944444",,"Rise","40 / 45","","50 / 55","50 / 55","35 / 55",2050,2700,"88-92","93","40+","sa3014542"
"Blake Rivera","SIRP","SFG",,18,"23.2861111",,"Cut","55 / 55","","70 / 70","40 / 40","40 / 40",2600,2800,"92-96","97","40+","sa3008261"
"Sean Hjelle","SP","SFG",,19,"23.9583333",,"None","50 / 50","","45 / 50","45 / 50","45 / 55",2500,2200,"91-94","96","40+","sa3007989"
"Kervin Castro","SIRP","SFG",,20,"22.2083333","5/1/17","Rise","60 / 60","","50 / 55","","30 / 40",2250,,"93-96","98","40+","sa916834"
"Christian Roa","SP","CIN",,11,"22.0555555",,"Rise","50 / 50","50 / 50","55 / 55","50 / 55","35 / 50",,,"92-93","96","40+","sa3014477"
"Jared Solomon","SIRP","CIN",,12,"23.8666666","11/22/20","Tail","70 / 70","60 / 60","","","40 / 45",2350,2500,"96-98","99","40+","sa3004589"
"Tony Santillan","SIRP","CIN",,14,"24.0194444",,"Tail","50 / 50","55 / 55","","45 / 50","40 / 45",2200,2600,"91-94","96","40+","sa874781"
"Levi Kelly","MIRP","ARI",,14,"21.9388888",,"Rise","45 / 50","60 / 70","50 / 50","","30 / 40",2250,2500,"90-94","96","40+","sa3008500"
"Luis Frias","SIRP","ARI",,15,"22.9138888",,"Sink","55 / 55","45 / 50","45 / 50","","30 / 40",2350,2350,"93-97","99","40+","sa917588"
"Jhosmer Alvarez","SIRP","ARI",,18,"19.8138888",,"Rise","50 / 55","","40 / 45","","35 / 40",2100,2200,"92-96","98","40+","sa3005437"
"Justin Martinez","SP","ARI",,19,"19.7277777",,"Tail","55 / 60","45 / 50","","40 / 50","30 / 50",2350,2300,"92-96","98","40+","sa3005864"
"Tink Hence","SP","STL",,12,"18.7111111",,"Rise","45 / 55","","50 / 60","40 / 50","25 / 55",,,"90-94","96","40+","sa3014709"
"Ian Bedell","SP","STL",,13,"21.6305555",,"Rise/Tail","40 / 50","","55 / 60","40 / 50","35 / 60",,,"88-93","94","40+","sa3014538"
"Michael Grove","MIRP","LAD",,16,"24.3444444","5/1/17","Rise","55 / 60","45 / 50","55 / 55","40 / 40","45 / 50",2300,2500,"90-93","95","40+","sa3008625"
"Gerardo Carrillo","SIRP","LAD",,17,"22.6083333",,"Sink/Tail","60 / 65","50 / 55","50 / 50","45 / 55","30 / 40",2300,2650,"93-96","99","40+","sa3002790"
"Robinson Ortiz","MIRP","LAD",,20,"21.3",,"Tail","50 / 55","","45 / 55","50 / 55","30 / 40",2200,2550,"89-94","98","40+","sa3004006"
"Emmanuel Clase","SIRP","CLE",,18,"23.0944444",,"Cut","80 / 80","50 / 55","","","40 / 40",2500,2500,"98-100","102","40+","21032"
"Tanner Burns","SP","CLE",,20,"22.3166666",,"Rise","45 / 50","50 / 55","45 / 45","45 / 50","40 / 50",2350,2600,"90-94","95","40+","sa3014451"
"Logan Allen","SP","CLE",,21,"22.6305555",,"Tail","45 / 50","","45 / 50","50 / 60","35 / 55",,2400,"89-92","94","40+","sa3014444"
"Nick Mikolajchak","SIRP","CLE",,24,"23.4194444",,"Rise","55 / 60","","55 / 60","50 / 55","40 / 50",2350,2900,"90-93","95","40+","sa3010303"
"Josh Wolf","SIRP","CLE",,25,"20.6416666",,"Tail","50 / 60","35 / 55","50 / 60","40 / 45","30 / 45",2300,2350,"92-95","97","40+","sa3011638"
"Tucker Davidson","MIRP","ATL",,13,"25.075",,"Rise","45 / 55","50 / 55","55 / 55","40 / 40","40 / 40",2200,2500,"91-95","98","40+","19871"
"Cody Morris","MIRP","CLE",,26,"24.4666666","6/2/15","Tail","55 / 55","","50 / 55","50 / 50","40 / 45",2400,2400,"92-95","98","40+","sa3008653"
"Freddy Tarnok","SP","ATL",,14,"22.4111111",,"Rise","45 / 55","","50 / 55","45 / 55","35 / 50",2450,2275,"89-92","96","40+","sa3005175"
"JoJo Romero","MIRP","PHI",,13,"24.5916666",,"Sink","55 / 55","50 / 55","","50 / 55","45 / 45",2250,2550,"93-95","96","40+","19574"
"Ian Seymour","MIRP","TBR",,23,"22.3583333",,"Tail","45 / 45","50 / 55","","50 / 55","40 / 55",2200,2200,"93-95","96","40+","sa3014512"
"Taj Bradley","SP","TBR",,25,"20.0888888",,"Cut/Rise","55 / 60","50 / 55","","30 / 45","30 / 45",2400,2500,"93-97","97","40+","sa3007839"
"Eury Perez","SP","MIA",,16,"18.0194444",,"Tail","45 / 60","","45 / 50","45 / 60","25 / 55",,,"91-94","95","40+",
"Dax Fulton","SP","MIA",,17,"19.5166666",,,"50 / 60","","55 / 60","40 / 50","20 / 50",,,"91-95","96","40+","sa3014535"
"Kyle Nicolas","SIRP","MIA",,20,"22.1666666",,,"55 / 60","55 / 60","45 / 45","30 / 30","30 / 40",,,"92-94","97","40+","sa3014523"
"Helcris Olivarez","SP","COL",,9,"20.7055555",,"Tail","55 / 60","","50 / 55","30 / 45","30 / 45",2350,2550,"94-96","98","40+","sa3002965"
"Sam Weatherly","SP","COL",,11,"21.9",,"Tail","55 / 60","55 / 60","","30 / 45","30 / 45",2350,2650,"92-95","97","40+","sa3014455"
"Ryan Rolison","SP","COL",,12,"23.7805555",,"Cut/Rise","40 / 45","","60 / 60","40 / 50","35 / 45",2250,2600,"89-94","96","40+","sa3008244"
"Lucas Gilbreath","SIRP","COL",,13,"25.1305555",,"Cut/Rise","60 / 60","50 / 55","","","40 / 40",2300,,"93-96","97","40+","sa829720"
"Carmen Mlodzinski","SP","PIT",,14,"22.175",,"Sink","55 / 60","50 / 50","","40 / 45","35 / 50",,,"93-97","98","40+","sa3014505"
"Kyle Bradish","SIRP","BAL",,31,"24.6111111",,"Rise","50 / 50","50 / 50","55 / 55","45 / 50","30 / 40",2250,2550,"92-94","97","40","sa3008605"
"Alexander Wells","SP","BAL",,32,"24.1527777",,"Rise","35 / 35","45 / 45","55 / 55","50 / 55","60 / 70",2250,2550,"86-89","91","40","sa919319"
"Michael Burrows","SIRP","PIT",,28,"21.4555555",,"Rise","50 / 55","","55 / 60","","30 / 40",2550,2800,"90-94","96","40","sa3008517"
"Nick Garcia","SP","PIT",,29,"22.0055555",,"Rise","45 / 50","45 / 50","40 / 45","40 / 50","30 / 50",,,"91-94","98","40","sa3014501"
"Wil Crowe","MIRP","PIT",,30,"26.6194444","4/1/15","Cut","55 / 55","50 / 50","50 / 55","55 / 55","40 / 45",2350,2800,"91-94","96","40","19800"
"Steven Jennings","SP","PIT",,31,"22.4416666",,"Rise","40 / 45","50 / 55","45 / 50","35 / 45","35 / 60",2500,3000,"88-92","93","40","sa3004812"
"David Bednar","SIRP","PIT",,32,"26.5333333",,"None","60 / 60","","60 / 60","","35 / 40",2400,2500,"92-95","97","40","19569"
"Austin Roberts","SP","PIT",,33,"22.7361111",,,"50 / 55","","50 / 50","55 / 60","30 / 40",2250,,"92-95","96","40","sa3010254"
"Blake Cederlind","SIRP","PIT",,35,"25.3","3/23/21","Sink","60 / 60","50 / 50","","","30 / 35",2150,2000,"96-98","100","40","20344"
"Santiago Florez","SIRP","PIT",,36,"20.9527777",,"Rise","50 / 60","","50 / 60","","30 / 45",2400,2800,"92-94","95","40","sa3003026"
"Max Kranick","SP","PIT",,38,"23.7527777",,"Tail","50 / 55","45 / 50","","40 / 45","45 / 45",,,"92-96","98","40","sa919118"
"Alex Faedo","SP","DET",,17,"25.4444444","12/28/20","Tail","45 / 50","60 / 60","","40 / 45","55 / 60",2350,2700,"90-93","95","40","sa829855"
"Paul Richan","SP","DET",,25,"24.0722222",,"Rise","40 / 40","40 / 40","45 / 45","45 / 50","55 / 60",2150,2200,"89-91","93","40","sa3008025"
"Jason Foley","SIRP","DET",,27,"25.475",,"Tail","65 / 65","45 / 45","","","40 / 40",2250,2200,"94-97","100","40","sa915677"
"Zack Hess","SIRP","DET",,28,"24.1583333",,"Rise","60 / 60","55 / 60","","40 / 45","40 / 45",2500,2550,"93-95","97","40","sa3010777"
"Frank German","RHP","BOS",,26,"23.5833333",,"Cut/Rise","60 / 65","40 / 50","","45 / 50","35 / 40",2200,2400,"92-96","98","40","sa3007729"
"Jacob Wallace","SIRP","BOS",,27,"22.6916666",,"Tail","45 / 50","50 / 60","","50 / 55","30 / 40",2500,2850,"88-93","96","40","sa3010374"
"Wilkel Hernandez","SP","DET",,32,"22.025","11/15/20","Rise","50 / 55","","50 / 55","40 / 50","35 / 50",2350,2550,"90-93","96","40","sa918026"
"Brendan Cellucci","SIRP","BOS",,28,"22.8111111",,"Rise","60 / 60","","60 / 60","","20 / 35",,,"94-96","97","40","sa3011710"
"Garrett Whitlock","MIRP","BOS",,31,"24.8638888","7/25/19","Tail","50 / 50","50 / 55","","45 / 50","50 / 55",2250,2050,"92-95","96","40","20191"
"Durbin Feltman","SIRP","BOS",,32,"24.0111111",,"Rise","55 / 60","55 / 55","45 / 50","","35 / 40",2300,2350,"92-95","96","40","sa3007959"
"Chih-Jung Liu","SIRP","BOS",,34,"22.0416666",,"Tail","40 / 60","50 / 60","40 / 45","","30 / 40",2300,2400,"93-96","98","40","sa3014675"
"Blayne Enlow","MIRP","MIN",,17,"22.0861111",,"Sink","50 / 50","50 / 50","","45 / 50","40 / 45",2300,2550,"91-94","96","40","sa3005117"
"Alex Santos II","SP","HOU",,15,"19.2",,"Rise","45 / 55","30 / 50","50 / 55","","25 / 50",,,"89-93","95","40","sa3014684"
"Chris Vallimont","SP","MIN",,18,"24.0944444",,"Rise","45 / 45","45 / 50","45 / 50","40 / 50","40 / 50",2350,2600,"89-93","95","40","sa3008026"
"Nivaldo Rodriguez","SP","HOU",,17,"24.0166666",,"Rise","45 / 45","50 / 50","55 / 55","45 / 50","50 / 50",2250,2850,"89-92","94","40","22449"
"Edwar Colina","SIRP","MIN",,21,"23.9694444",,"Sink","60 / 60","50 / 55","","40 / 40","40 / 45",2400,2800,"94-98","100","40","20589"
"Bailey Ober","MIRP","MIN",,22,"25.7777777","3/1/15","Rise/Cut","45 / 45","40 / 40","45 / 50","60 / 60","60 / 60",2200,2000,"85-87","88","40","sa918555"
"Misael Tamarez","SP","HOU",,20,"21.2666666",,"Cut/Rise","45 / 55","","","50 / 55","35 / 50",,,"92-94","94","40","sa3009632"
"Marco Raya","SP","MIN",,23,"18.7083333",,"Rise/Cut","40 / 50","45 / 50","","40 / 55","35 / 55",,,"88-92","95","40","sa3014550"
"Austin Hansen","SIRP","HOU",,22,"24.6583333",,,"55 / 55","55 / 55","","50 / 55","35 / 40",,,"93-95","96","40","sa3006956"
"Jojanse Torres","SIRP","HOU",,23,"25.7166666",,"Rise/Tail","60 / 60","55 / 55","","50 / 50","35 / 35",2400,2350,"94-97","99","40","sa3006955"
"Jovani Moran","SIRP","MIN",,26,"23.9944444",,"Rise","45 / 45","45 / 45","","70 / 70","40 / 40",2300,2475,"90-93","95","40","sa875188"
"Adam Kloffenstein","SP","TOR",,13,"20.6583333",,"Sink","45 / 50","50 / 55","40 / 45","40 / 50","30 / 50",2000,2300,"88-92","94","40","sa3008578"
"Eric Pardinho","SP","TOR",,16,"20.2972222","2/11/20","Sink","40 / 50","45 / 50","50 / 55","45 / 50","35 / 55",2100,2100,"90-93","94","40","sa968102"
"Joey Murray","MIRP","TOR",,17,"24.5805555",,"Rise","50 / 55","50 / 55","50 / 55","40 / 45","40 / 45",2450,2700,"88-91","93","40","sa3007234"
"Jackson Rees","SIRP","TOR",,21,"26.7277777",,"Sink","50 / 50","","70 / 70","","35 / 35",2350,2750,"91-94","95","40","sa3007818"
"Junior Santos","SP","NYM",,13,"19.6833333",,"Tail","50 / 60","45 / 50","","40 / 50","20 / 45",2350,2150,"89-93","95","40","sa3005470"
"Ryley Gilliam","SIRP","NYM",,14,"24.6972222",,"Rise","55 / 55","20 / 55","55 / 55","","30 / 35",2600,2800,"94-95","96","40","sa3008225"
"Trent Palmer","MIRP","TOR",,24,"22.0527777",,"Tail","45 / 50","40 / 45","35 / 40","","30 / 45",,,"92-94","96","40","sa3014491"
"Franklyn Kilome","SIRP","NYM",,15,"25.825","10/24/18","Sink","55 / 55","40 / 40","60 / 60","50 / 50","40 / 40",2450,2200,"92-96","97","40","17861"
"Sam McWilliams","SIRP","NYM",,16,"25.6333333",,"Tail","60 / 60","50 / 55","","","30 / 40",2500,2500,"94-97","98","40","sa829124"
"Robert Dominguez","SP","NYM",,17,"19.3944444",,,"55 / 60","","50 / 60","40 / 45","20 / 50",,,"93-96","99","40","sa3014694"
"Jose Butto","SP","NYM",,19,"23.0916666",,"Tail","40 / 40","45 / 50","","55 / 60","50 / 55",2350,,"89-94","96","40","sa3003166"
"Joshua Cornielly","SP","NYM",,20,"20.2694444",,"Rise","40 / 45","","40 / 50","45 / 55","40 / 55",2150,,"88-93","95","40","sa3005890"
"Jordany Ventura","SP","NYM",,22,"20.7944444",,"Cut/Rise","45 / 55","50 / 55","","40 / 50","40 / 50",2450,,"91-94","95","40","sa3008542"
"Matthew Thompson","SP","CHW",,10,"20.6972222",,"Rise","45 / 55","","45 / 55","40 / 50","30 / 45",2300,2100,"91-94","96","40","sa3011866"
"Andrew Dalquist","SP","CHW",,11,"20.4416666",,"Tail","40 / 45","40 / 50","45 / 55","40 / 50","35 / 55",2100,2300,"91-93","95","40","sa3011841"
"Jonathan Stiever","SP","CHW",,12,"23.9444444",,"Sink","40 / 45","45 / 50","45 / 45","50 / 55","45 / 55",2350,2300,"90-94","95","40","24584"
"Norge Vera","RHP","CHW",,14,"20.8916666",,,"45 / 50","","50 / 55","40 / 50","40 / 50",,,"90-94","97","40",
"Tim Cate","SIRP","WSN",,10,"23.5611111","1/1/13","Rise","40 / 45","","60 / 60","40 / 45","45 / 45",2100,2400,"87-91","93","40","sa3007926"
"Joan Adon","SIRP","WSN",,13,"22.6944444",,,"50 / 55","45 / 45","","50 / 55","40 / 40",2250,2150,"92-96","98","40","sa3002614"
"Kade McClure","MIRP","CHW",,19,"25.1944444",,"Rise","50 / 55","50 / 55","45 / 50","","45 / 50",2300,2350,"92-94","95","40","sa915622"
"Tyler Johnson","SIRP","CHW",,23,"25.6694444",,"Cut","60 / 60","","55 / 55","40 / 45","30 / 40",2350,2350,"93-95","97","40","sa915688"
"Beck Way","SP","NYY",,22,"21.7111111",,"Tail","50 / 55","45 / 50","","45 / 50","30 / 45",,,"91-94","96","40","sa3014462"
"Matt Sauer","SP","NYY",,24,"22.2527777","4/1/19","Tail","50 / 60","","50 / 55","40 / 50","35 / 45",2150,2600,"92-95","96","40","sa3005118"
"Nicio Rodriguez","SIRP","NYY",,26,"21.6361111",,"Rise","50 / 60","45 / 55","","","30 / 45",2500,2550,"89-94","96","40","sa3011194"
"Denny Larrondo","SP","NYY",,28,"18.8944444",,"Rise","45 / 60","","55 / 60","35 / 50","35 / 55",2500,2900,"88-92","94","40","sa3010654"
"R.J. Dabovich","SIRP","SFG",,22,"22.2805555",,"Rise","60 / 60","50 / 55","50 / 50","","30 / 40",2400,2500,"93-96","98","40","sa3014431"
"Prelander Berroa","SIRP","SFG",,23,"21.0111111",,"Tail","55 / 60","45 / 50","","45 / 55","30 / 40",2450,2400,"92-96","98","40","sa3005069"
"Camilo Doval","SIRP","SFG",,24,"23.8",,"Cut","","55 / 55","","","20 / 30",2750,2700,"93-98","99","40","21992"
"Kai-Wei Teng","SP","SFG",,25,"22.3916666",,"Sink","45 / 50","45 / 50","50 / 50","45 / 50","45 / 60",2450,2500,"91-94","96","40","sa3007229"
"Jake Wong","SP","SFG",,28,"24.6361111",,"Sink","50 / 50","","45 / 50","45 / 50","45 / 55",2200,2450,"91-94","96","40","sa3008100"
"Jose De Leon","MIRP","CIN",,16,"28.7083333","3/13/18","Sink","55 / 55","45 / 45","","60 / 60","40 / 40",2100,2500,"93-96","98","40","15463"
"Vladimir Gutierrez","MIRP","CIN",,17,"25.5944444",,"Tail","55 / 55","60 / 60","60 / 60","50 / 55","45 / 50",2100,2600,"90-93","97","40","sa952977"
"Ryan Hendrix","SIRP","CIN",,18,"26.35",,"Sink","55 / 55","60 / 60","","","35 / 40",2250,2550,"93-96","98","40","19535"
"Bryce Bonnin","SIRP","CIN",,19,"22.5305555",,"Sink","55 / 55","55 / 60","","30 / 45","30 / 40",2150,2400,"93-96","97","40","sa3014453"
"Riley O'Brien","SIRP","CIN",,20,"26.2111111",,"Tail","55 / 55","","55 / 60","45 / 50","40 / 50",2300,2600,"92-95","97","40","sa3004210"
"Graham Ashcraft","SIRP","CIN",,22,"23.1972222",,"Rise","55 / 60","50 / 55","55 / 60","40 / 50","40 / 50",2600,2750,"94-96","97","40","sa918274"
"J.B. Bukauskas","SIRP","ARI",,21,"24.5305555",,"Tail","50 / 50","45 / 45","","70 / 70","40 / 40",2500,2450,"92-94","96","40","20491"
"Conor Grammes","SIRP","ARI",,22,"23.7583333",,"Tail","65 / 70","60 / 70","","40 / 45","20 / 30",2200,2550,"94-97","99","40","sa3011651"
"Taylor Widener","SP","ARI",,27,"26.4944444",,"Cut","40 / 40","45 / 45","","60 / 60","50 / 55",2250,2150,"91-96","98","40","19266"
"Humberto Mejia","MIRP","ARI",,28,"24.1361111",,"Rise","50 / 50","45 / 45","55 / 55","40 / 45","40 / 45",2300,2350,"90-93","95","40","20739"
"Edwin Nunez","SP","STL",,14,"19.4638888",,,"55 / 70","","45 / 55","","20 / 50",,,"92-96","99","40",
"Jon Duplantier","SP","ARI",,29,"26.7805555",,"Tail","40 / 40","55 / 55","50 / 50","50 / 55","50 / 55",2250,2600,"91-94","96","40","19546"
"Junior Fernandez","SIRP","STL",,15,"24.1388888",,"Sink","55 / 55","45 / 45","","60 / 60","30 / 35",2200,2150,"95-97","99","40","18496"
"Liam Norris","SP","ARI",,31,"19.6916666",,"Rise","40 / 50","45 / 50","50 / 55","30 / 40","20 / 45",,,"90-94","95","40","sa3014543"
"Seth Elledge","SIRP","STL",,17,"24.9222222",,"Sink","55 / 55","60 / 60","","","30 / 40",2150,2450,"92-94","96","40","19766"
"Matt Peacock","MIRP","ARI",,32,"27.1527777",,"Sink","55 / 55","45 / 50","","50 / 55","45 / 45",2100,2800,"90-94","95","40","20339"
"Kodi Whitley","SIRP","STL",,18,"26.1694444",,"Rise","40 / 45","55 / 55","","50 / 60","40 / 40",2350,1950,"92-95","96","40","19731"
"Josh Green","SP","ARI",,34,"25.6444444",,"Sink","50 / 50","50 / 50","55 / 55","45 / 50","45 / 50",2050,2550,"92-95","96","40","sa3006701"
"Victor Gonzalez","SIRP","LAD",,21,"25.4333333","1/1/17","Sink/Tail","60 / 60","60 / 60","","45 / 45","40 / 40",2150,2550,"93-95","97","40","16408"
"Nick Robertson","SIRP","LAD",,22,"22.7666666","3/1/17","Rise","60 / 60","","60 / 60","","30 / 40",,,"93-96","98","40","sa3011248"
"Jake Woodford","MIRP","STL",,23,"24.4833333",,"Sink","45 / 45","45 / 45","50 / 50","40 / 40","45 / 45",2250,2550,"90-94","96","40","18674"
"Kendall Williams","SP","LAD",,24,"20.6611111",,"Rise","50 / 55","","45 / 55","45 / 50","30 / 40",2150,2500,"90-94","96","40","sa3011674"
"Landon Knack","SIRP","LAD",,25,"24.2694444",,"Sink","60 / 60","50 / 55","","","30 / 40",,,"94-97","98","40","sa3014518"
"Jimmy Lewis","SP","LAD",,26,"20.4722222",,"Sink","40 / 40","","45 / 50","45 / 55","35 / 55",2250,2250,"90-92","93","40","sa3014533"
"Jerming Rosario","SP","LAD",,28,"18.9555555",,"Tail","40 / 50","","40 / 45","50 / 60","25 / 60",2200,2250,"89-92","94","40","sa3008678"
"Alex Vesia","SIRP","LAD",,29,"25.0305555",,,"45 / 45","","45 / 45","60 / 60","45 / 45",2400,2250,"91-94","95","40","25007"
"Carlos Duran","SIRP","LAD",,30,"19.7277777",,"Sink","50 / 55","","55 / 60","40 / 50","25 / 50",2050,2700,"89-94","96","40","sa3006404"
"Edwin Uceta","SP","LAD",,35,"23.2861111",,"Tail","45 / 45","","50 / 55","50 / 55","45 / 55",2350,2300,"89-92","94","40","sa921576"
"Hunter Gaddis","MIRP","CLE",,29,"23.0361111",,"Rise","45 / 50","50 / 55","40 / 40","55 / 60","40 / 50",2250,2350,"90-93","96","40","sa3010621"
"Jasseel De La Cruz","SIRP","ATL",,17,"23.8222222",,"Rise","55 / 60","55 / 60","","40 / 45","40 / 40",2300,2750,"91-97","99","40","sa879559"
"Victor Vodnik","SIRP","ATL",,18,"21.5361111",,"Rise","60 / 65","45 / 45","","50 / 55","30 / 40",2350,2200,"92-96","98","40","sa3008527"
"Trevor Stephan","SIRP","CLE",,33,"25.4083333",,"Tail","60 / 60","55 / 60","","40 / 45","40 / 50",2350,2500,"90-94","97","40","19932"
"William Woods","SIRP","ATL",,21,"22.3138888",,"Rise/Tail","55 / 60","45 / 55","","30 / 40","30 / 40",2400,,"96-99","100","40","sa3007256"
"Spencer Strider","SP","ATL",,22,"22.4833333",,"Tail","50 / 55","","50 / 55","30 / 50","35 / 50",2300,2250,"91-95","97","40",
"Connor Brogdon","SIRP","PHI",,17,"26.2305555",,"Rise","55 / 55","","","60 / 60","50 / 50",2450,2350,"93-95","97","40","21205"
"Patrick Weigel","SIRP","ATL",,23,"26.7888888","6/27/17","Tail","55 / 55","60 / 60","55 / 55","45 / 50","35 / 40",2350,3000,"91-95","98","40","17792"
"Raymond Burgos","MIRP","CLE",,36,"22.3972222","9/7/16","Tail","50 / 50","40 / 45","50 / 50","55 / 55","45 / 50",2200,2350,"91-94","96","40","sa918469"
"James McArthur","SP","PHI",,18,"24.3638888",,"Rise","55 / 60","50 / 55","50 / 55","35 / 40","30 / 45",2400,2800,"93-95","96","40","sa3007715"
"Ricky DeVito","SP","ATL",,24,"22.6694444",,"0.0625","50 / 50","","45 / 50","","30 / 40",2200,,"92-95","97","40","sa1116003"
"Gunner Mayer","SP","PHI",,19,"20.7361111",,"Rise","45 / 55","50 / 60","","30 / 45","30 / 50",2400,2350,"90-94","95","40","sa3011199"
"Bryce Elder","SP","ATL",,25,"21.925",,"0.0625","50 / 50","50 / 50","45 / 45","45 / 50","35 / 55",2100,,"90-92","94","40","sa3014515"
"Eduar Segovia","SP","PHI",,21,"20.2833333",,"Tail","45 / 50","50 / 55","","30 / 45","30 / 50",2250,2300,"92-95","97","40","sa3008374"
"Adonis Medina","SP","PHI",,22,"24.3444444",,"Sink/Tail","40 / 40","45 / 45","","55 / 60","50 / 55",2200,2500,"90-94","96","40","19903"
"Damon Jones","SIRP","PHI",,23,"26.5611111",,"Rise","55 / 55","60 / 60","","","30 / 35",2350,2700,"91-94","96","40","sa3004862"
"Starlyn Castillo","SP","PHI",,24,"19.1611111",,"Tail","55 / 60","55 / 60","","40 / 50","30 / 45",2250,2500,"93-95","97","40","sa3011608"
"Ethan Lindow","SP","PHI",,25,"22.5194444",,"Tail","50 / 50","45 / 45","50 / 50","40 / 45","45 / 55",2200,2350,"87-90","92","40","sa3005028"
"Josh Fleming","SP","TBR",,28,"24.9277777",,"Sink/Tail","40 / 40","","","50 / 50","70 / 70",1850,1850,"89-92","94","40","20418"
"John Doxakis","MIRP","TBR",,30,"22.6722222",,"SInk/Tail","40 / 45","50 / 55","","50 / 55","45 / 60",2250,2400,"88-92","93","40","sa1115967"
"Michael Mercado","SP","TBR",,31,"22.0194444",,,"45 / 50","40 / 50","45 / 55","","45 / 55",2200,2250,"90-94","95","40","sa3005024"
"Neraldo Catalina","SIRP","TBR",,34,"20.8361111",,"Tail","60 / 70","45 / 55","","","30 / 35",2300,2200,"93-96","97","40","sa1172730"
"Hunter Barnhart","SP","TBR",,35,"19.1888888",,,"40 / 55","","50 / 55","30 / 45","20 / 45",,,"88-92","94","40","sa3014467"
"Tanner Dodson","SIRP/CF","TBR",,36,"23.9527777",,,"55 / 60","55 / 60","","45 / 50","40 / 45",2250,2450,"91-95","97","40","sa3007008"
"Tommy Romero","MIRP","TBR",,39,"23.7888888",,"Cut/Rise","50 / 50","","45 / 45","45 / 50","50 / 55",2200,,"90-93","94","40","sa3004469"
"Michael Plassmeyer","SP","TBR",,40,"24.4638888",,"Tail","45 / 45","45 / 45","45 / 45","50 / 55","55 / 60",2300,2150,"87-91","93","40","sa3006962"
"Evan Fitterer","SP","MIA",,24,"20.8222222",,,"45 / 50","45 / 50","50 / 55","40 / 50","35 / 55",2350,2550,"90-92","94","40","sa3011433"
"Braxton Garrett","SP","MIA",,26,"23.7138888","6/20/17",,"40 / 40","45 / 45","55 / 55","50 / 50","50 / 55",2100,2350,"91-92","96","40","21844"
"Zach McCambley","SP","MIA",,27,"21.9972222",,"Sink","40 / 45","20 / 55","70 / 70","40 / 45","30 / 45",2500,2700,"89-93","95","40","sa3014478"
"Zac Lowther","SP","BAL",,18,"24.9777777",,"Tail","40 / 40","","45 / 45","55 / 60","45 / 50",2200,2550,"88-91","94","40","20243"
"Zach Pop","SIRP","MIA",,28,"24.5888888","5/14/19","Sink","60 / 60","50 / 50","","","50 / 50",2150,2450,"94-96","98","40","20185"
"Chris Mokma","SP","MIA",,29,"20.1972222",,,"45 / 50","40 / 50","","45 / 55","25 / 55",2250,2200,"89-93","94","40","sa3011750"
"Anthony Bender","SIRP","MIA",,32,"26.2194444",,"Tail","60 / 60","55 / 55","","","40 / 45",,,"96-98","99","40","sa918438"
"Carter Baumler","SP","BAL",,23,"19.2277777","10/28/2020","Rise","45 / 50","50 / 55","45 / 55","","20 / 45",,,"90-92","94","40","sa3014480"
"Josh Roberson","SIRP","MIA",,33,"24.9444444","5/31/17",,"50 / 55","55 / 60","","40 / 45","40 / 45",2300,2500,"90-93","95","40","sa3007721"
"Ryan Feltner","SP","COL",,18,"24.6388888",,"Tail/Rise","50 / 50","50 / 50","45 / 50","50 / 55","40 / 50",2300,2650,"91-93","95","40","sa3008222"
"Isaac Mattson","SIRP","BAL",,25,"25.7722222",,"Rise","55 / 55","55 / 55","","40 / 45","45 / 45",2300,2000,"92-94","96","40","sa915667"
"Garrett Stallings","SP","BAL",,26,"23.7055555",,"Sink","40 / 45","45 / 50","45 / 50","45 / 50","45 / 60",1850,2200,"88-92","93","40","sa3014457"
"Tommy Doyle","SIRP","COL",,20,"24.975",,"Rise","50 / 55","60 / 60","","40 / 45","45 / 50",2250,2550,"92-95","97","40","21281"
"Bruce Zimmermann","SP","BAL",,28,"26.2027777",,"Cut/Rise","40 / 40","50 / 55","50 / 50","40 / 45","60 / 60",2350,2600,"90-92","95","40","20370"
"Tony Locey","SIRP","COL",,22,"22.7305555",,,"50 / 60","45 / 55","","30 / 40","30 / 50",,2300,"92-95","97","40","sa3011123"
"Drew Rom","SP","BAL",,29,"21.3527777",,"Rise","30 / 45","50 / 55","","","45 / 55",2350,2300,"88-92","93","40","sa3007848"
"Karl Kauffmann","SP","COL",,23,"23.6861111",,,"45 / 50","45 / 50","","50 / 55","30 / 45",,,"91-94","96","40","sa3014526"
"Hunter Harvey","SIRP","BAL",,30,"26.3694444","7/26/16","Rise","60 / 60","","55 / 55","","40 / 40",2400,2200,"92-97","99","40","15507"
"Ben Bowden","SIRP","COL",,25,"26.5027777",,"Sink","45 / 45","45 / 45","","60 / 60","40 / 40",2450,2150,"92-95","96","35+","20198"
"Daiveyon Whittle","MIRP","TBR",,58,"21.4472222",,"Rise","40 / 45","45 / 50","","","40 / 50",2050,2350,"89-92","94","35+","sa3007617"
"Will Ethridge","SP","COL",,26,"23.3388888",,"Tail","40 / 40","45 / 50","","50 / 50","35 / 60",2200,2150,"90-95","96","35+","sa3011337"
"Jayden Murray","MIRP","TBR",,59,"24.0305555",,"Rise","45 / 55","","50 / 60","","35 / 45",2600,2700,"90-94","96","35+","sa1170405"
"Ashton Goudeau","SIRP","COL",,27,"28.7472222",,"Rise","50 / 50","50 / 50","55 / 55","40 / 45","55 / 55",2200,2400,"91-94","96","35+","15139"
"Aneudy Cortorreal","SIRP","TBR",,60,"21.3583333",,"Rise","65 / 70","40 / 50","40 / 45","40 / 45","30 / 40",2250,2100,"93-97","99","35+","sa3009242"
"Antonio Santos","SIRP","COL",,28,"24.5444444",,"Rise","55 / 55","50 / 50","45 / 45","50 / 50","40 / 40",2200,2200,"92-95","97","35+","20383"
"Jorge Guzman","SIRP","MIA",,43,"25.2333333",,,"55 / 55","55 / 55","","45 / 50","30 / 35",2250,1900,"95-97","100","35+","17505"
"Angel Felipe","SIRP","TBR",,61,"23.6444444",,"Rise","55 / 60","45 / 50","","45 / 55","20 / 35",2400,2450,"93-96","98","35+","sa881181"
"Kevin Smith","SIRP","BAL",,35,"23.9416666",,"Tail","45 / 45","50 / 55","","45 / 50","45 / 50",2450,,"87-90","92","35+","sa3007710"
"Riley Pint","SIRP","COL",,29,"23.4611111",,"None","70 / 70","70 / 70","","","20 / 30",2250,2750,"97-99","102","35+","sa917922"
"Breiling Eusebio","SIRP","COL",,30,"24.5027777","4/18/18","Tail","45 / 50","","50 / 55","45 / 55","35 / 35",2200,2400,"89-94","96","35+","sa828552"
"Breidy Encarnacion","SP","MIA",,45,"20.4527777",,,"40 / 45","","45 / 50","40 / 50","40 / 50",2400,2250,"87-91","93","35+","sa3009205"
"Luis Palacios","SP","MIA",,46,"20.8083333",,,"30 / 40","45 / 50","","50 / 55","45 / 60",2150,2350,"85-87","89","35+","sa3003021"
"Blaine Knight","SIRP","BAL",,38,"24.8166666",,"Rise/Tail","45 / 50","50 / 50","55 / 60","40 / 45","40 / 45",2250,2950,"91-94","97","35+","sa3008532"
"Jordan Sheffield","SIRP","COL",,32,"25.8916666","4/11/13","Rise","60 / 60","","70 / 70","60 / 60","30 / 30",2600,3200,"95-97","99","35+","19682"
"Tyler Wells","SIRP","BAL",,39,"26.6555555",,"Rise","55 / 55","50 / 50","55 / 55","","55 / 55",,,"92-94","96","35+","20000"
"Yoan Aybar","SIRP","COL",,33,"23.8027777",,,"60 / 60","50 / 55","","","30 / 35",2150,2450,"93-96","98","35+","sa829086"
"Brenan Hanifee","SP","BAL",,42,"22.8972222",,"Sink","55 / 60","45 / 50","","","45 / 50",2050,2100,"91-93","95","35+","sa917973"
"Jake Zebron","SP","BAL",,43,"21.2166666",,"Rise","40 / 45","","50 / 60","30 / 45","35 / 50",2100,2700,"88-92","94","35+","sa3007250"
"Ignacio Feliz","SP","BAL",,44,"21.4972222",,"Cut","40 / 45","","50 / 55","40 / 50","40 / 50",2350,2600,"86-90","92","35+","sa3002982"
"Felix Bautista","SIRP","BAL",,45,"25.8388888",,"Tail","65 / 65","","","","30 / 35",2450,,"93-98","100","35+","sa737480"
"Po-Yu Chen","SP","PIT",,43,"19.5555555",,,"40 / 50","40 / 45","45 / 50","40 / 50","25 / 55",,,"91-92","93","35+","sa3014699"
"Braxton Ashcraft","SIRP","PIT",,44,"21.5472222",,"Tail","35 / 45","50 / 55","45 / 50","40 / 45","40 / 50",2250,2400,"88-93","95","35+","sa3008470"
"Yerry De Los Santos","SIRP","PIT",,46,"23.3611111",,"Tail","55 / 60","50 / 55","","","35 / 40",2250,2400,"93-96","98","35+","sa873562"
"Wilkin Ramos","SP","PIT",,49,"20.4777777",,"Cut","45 / 60","","40 / 45","45 / 55","35 / 45",2150,2200,"89-93","95","35+","sa3006487"
"Andy Maldonado","SP","PIT",,50,"18.7527777",,"Tail","40 / 50","40 / 45","","45 / 55","35 / 50",2300,2000,"89-93","95","35+","sa3009607"
"Keider Montero","SIRP","DET",,33,"20.7944444",,"Rise","45 / 50","","50 / 60","40 / 50","35 / 45",2300,3000,"93-95","96","35+","sa3002956"
"Franklin Perez","SP","DET",,34,"23.3777777",,"Rise","60 / 60","50 / 60","45 / 50","55 / 60","40 / 50",2050,2550,"87-90",,"35+","sa873722"
"Elvin Rodriguez","SP","DET",,35,"23.0611111",,"Rise/Tail","40 / 45","","50 / 50","50 / 55","40 / 50",2350,2400,"89-93","94","35+","sa873437"
"Beau Burrows","SP","DET",,36,"24.5944444",,"Rise","50 / 50","40 / 50","40 / 50","45 / 55","45 / 50",2600,2600,"88-91","95","35+","18873"
"Angel De Jesus","SIRP","DET",,39,"24.1916666",,"Tail","65 / 65","45 / 45","","","30 / 35",2300,2400,"91-95","96","35+","sa921876"
"Jorge Rodriguez","SP","BOS",,35,"20.6583333",,"Rise","40 / 50","","45 / 50","45 / 55","35 / 55",2300,2900,"89-91","93","35+","sa3006074"
"Wladimir Pinto","SIRP","DET",,40,"23.1944444",,"Rise","60 / 60","45 / 50","","30 / 35","30 / 35",2450,2000,"94-97","98","35+","sa871482"
"Carlos Guzman","SIRP","DET",,42,"22.9333333",,"None","50 / 55","","40 / 45","50 / 60","35 / 50",2300,2150,"90-94","96","35+","sa871477"
"Andrew Politi","SIRP","BOS",,38,"24.8833333",,"Rise","55 / 55","50 / 55","","45 / 50","30 / 40",2450,2500,"92-95","96","35+","sa3007243"
"Ryan Zeferjahn","SIRP","BOS",,39,"23.1444444",,"Rise","55 / 60","50 / 55","","40 / 45","30 / 45",2300,2250,"94-96","98","35+","sa3011217"
"Shane Drohan","SP","BOS",,40,"22.2916666",,"Rise","40 / 50","","55 / 60","40 / 45","30 / 40",2300,2650,"89-92","94","35+","sa3014447"
"Bradley Blalock","SP","BOS",,41,"20.325",,"Rise","40 / 55","40 / 50","30 / 45","30 / 40","30 / 45",,,"91-93","95","35+","sa3011809"
"Chris Murphy","MIRP","BOS",,44,"22.8805555",,"Rise","50 / 55","40 / 40","45 / 50","50 / 55","35 / 40",2350,2200,"89-93","95","35+","sa3011431"
"Luis Perales","SIRP","BOS",,46,"18.0222222",,"Rise","40 / 55","","45 / 55","30 / 45","20 / 40",,,,"95","35+","sa3014677"
"Jeremy Wu-Yelland","SIRP","BOS",,48,"21.8277777",,"Tail","50 / 55","50 / 55","","40 / 50","30 / 35",,,"90-93","96","35+","sa3014520"
"Jose Alberto Rivera","SIRP","HOU",,25,"24.1888888",,,"70 / 70","","55 / 55","","30 / 35",2350,2300,"93-97","99","35+","sa3003090"
"Tyler Brown","SIRP","HOU",,26,"22.5555555",,"Cut/Rise","50 / 55","","50 / 60","","30 / 40",,,"91-95","96","35+","sa3014450"
"Jairo Lopez","SP","HOU",,27,"20.4194444",,,"50 / 50","55 / 55","50 / 50","40 / 45","35 / 50",2200,2850,"91-94","95","35+","sa3005824"
"Angel Macuare","SP","HOU",,28,"21.1361111",,"Rise","45 / 50","45 / 50","55 / 55","40 / 45","35 / 45",2250,2350,"89-91","94","35+","sa3003039"
"Manny Ramirez","SIRP","HOU",,29,"21.4194444",,,"55 / 60","","50 / 60","40 / 50","20 / 30",2450,2700,"92-95","97","35+","sa3004833"
"Luis Rijo","SP","MIN",,32,"22.6277777",,"None","40 / 40","","55 / 55","45 / 50","50 / 60",2050,2650,"90-94","96","35+","sa916950"
"Brett Conine","SIRP","HOU",,30,"24.5166666",,"Rise","45 / 45","45 / 45","","55 / 60","45 / 50",2550,2300,"90-93","96","35+","sa3008024"
"Juan Pablo Lopez","SP","HOU",,31,"22.1805555",,,"40 / 40","","45 / 50","45 / 55","35 / 50",2300,2150,"90-93","94","35+","sa3004647"
"Yennier Cano","SIRP","MIN",,34,"27.1194444",,"Sink","50 / 50","50 / 55","","","45 / 45",2150,2500,"92-95","97","35+","sa3011688"
"Julio Robaina","SP","HOU",,32,"20.0805555",,"Cut/Rise","40 / 45","","50 / 55","45 / 50","35 / 55",2200,2800,"89-92","94","35+","sa3006817"
"Diosmerky Taveras","SIRP","HOU",,33,"21.5805555",,,"60 / 65","45 / 50","","40 / 50","20 / 35",2150,2450,"94-97","98","35+","sa3004872"
"Sem Robberse","SP","TOR",,28,"19.5277777",,,"30 / 50","20 / 50","50 / 55","20 / 50","20 / 50",2400,2500,"88-81","93","35+","sa3011735"
"Patrick Murphy","SIRP","TOR",,29,"25.8666666",,"Sink","60 / 60","","50 / 50","","45 / 45",2100,2300,"93-97","99","35+","19712"
"T.J. Zeuch","SP","TOR",,30,"25.725",,"Sink","45 / 45","40 / 40","","45 / 45","45 / 55",2200,2250,"90-93","94","35+","19269"
"Nick Frasso","SP","TOR",,32,"22.5111111",,"Rise","45 / 55","","40 / 45","40 / 50","30 / 50",2350,2100,"91-93","95","35+","sa3014492"
"Yennsy Diaz","SIRP","NYM",,23,"24.4361111",,"Tail","55 / 60","","45 / 45","55 / 55","35 / 35",2400,2150,"93-96","98","35+","20218"
"Travis Bergen","SIRP","TOR",,33,"27.5388888",,,"55 / 55","","60 / 60","","35 / 35",2300,2900,"93-95","96","35+","18581"
"Marcel Renteria","SIRP","NYM",,24,"26.5694444",,"Tail","50 / 55","","70 / 70","","30 / 35",,,"93-95","96","35+","sa3005016"
"Hobie Harris","SIRP","TOR",,34,"27.8305555",,,"70 / 70","","45 / 45","","30 / 35",,,"96-98","101","35+","sa876068"
"Tylor Megill","SIRP","NYM",,25,"25.7333333",,"None","50 / 50","55 / 55","","","40 / 45",2100,,"90-93","95","35+","sa3007988"
"Curtis Taylor","MIRP","TOR",,35,"25.7416666",,"Rise","45 / 55","55 / 55","","45 / 50","40 / 45",2350,2300,"93-97","98","35+","sa917970"
"Joander Suarez","SP","NYM",,26,"21.1527777",,"Rise","45 / 50","50 / 55","","40 / 50","40 / 50",2350,,"91-94","95","35+","sa3008263"
"Roither Hernandez","SIRP","TOR",,37,"23.1305555",,"Rise","60 / 65","40 / 55","","30 / 40","30 / 35",2350,2450,"95-98","99","35+","sa3004333"
"Naswell Paulino","SIRP","TOR",,38,"21.0138888",,"Rise","40 / 55","","45 / 55","","30 / 40",2450,2550,"90-92","93","35+","sa3002998"
"Michel Otanez","SIRP","NYM",,29,"23.8027777","10/1/16","Sink/Tail","55 / 60","45 / 50","","","30 / 40",2200,,"90-97","99","35+","sa932611"
"Mason Denaburg","SP","WSN",,15,"21.7055555",,,"55 / 60","","60 / 60","50 / 55","30 / 50",2300,2400,"92-95","98","35+","sa3010648"
"Holden Powell","SIRP","WSN",,18,"21.6194444",,,"60 / 60","50 / 55","","","30 / 40",,,"94-97","99","35+",
"Zachary Brzykcy","SIRP","WSN",,19,"21.7777777",,"Rise/Tail","60 / 60","","55 / 60","","30 / 35",,,"94-98","99","35+",
"Hunter Schryver","SIRP","CHW",,26,"26.0527777","2/20/20","Rise","60 / 60","50 / 50","","","45 / 55",2400,1050,"90-93","94","35+","sa873263"
"Reid Schaller","SIRP","WSN",,21,"24.0555555","1/1/16",,"45 / 55","50 / 55","","40 / 45","45 / 50",2450,2400,"91-94","96","35+","sa3008023"
"Caleb Freeman","SIRP","CHW",,27,"23.1638888",,"Rise","55 / 60","","55 / 60","","30 / 35",2400,3050,"92-95","97","35+","sa3011339"
"Todd Peterson","SP","WSN",,22,"23.25",,,"55 / 60","50 / 55","","","35 / 45",,,"93-95","96","35+",
"Jimmy Lambert","SIRP","CHW",,29,"26.4277777","6/21/19","Tail","45 / 50","50 / 55","50 / 55","50 / 55","45 / 50",2200,2750,"91-94","95","35+","19541"
"Bailey Horn","MIRP","CHW",,30,"23.2694444","2/1/18","Rise","50 / 50","50 / 50","50 / 55","","40 / 45",2250,2500,"90-93","96","35+","sa3014493"
"Albert Abreu","SIRP","NYY",,33,"25.5722222",,"Tail","60 / 60","55 / 55","","60 / 60","30 / 30",2250,2600,"95-99","101","35+","17485"
"Brooks Kriske","SIRP","NYY",,34,"27.2194444",,"Rise","60 / 60","50 / 50","","","35 / 35",2500,2450,"92-96","98","35+","21189"
"Alfredo Garcia","SIRP","NYY",,35,"21.75",,"Tail","45 / 50","","45 / 50","50 / 55","40 / 45",2300,1850,"90-94","95","35+","sa3003045"
"Glenn Otto","SIRP","NYY",,37,"25.1138888",,"Rise","55 / 55","","55 / 60","","35 / 40",2400,2650,"92-94","96","35+","sa915710"
"Trevor McDonald","SP","SFG",,31,"20.1555555",,"Tail","45 / 50","45 / 55","","40 / 55","30 / 50",2200,2350,"90-94","96","35+","sa3011835"
"Osiel Rodriguez","SP","NYY",,39,"19.4166666",,"Tail","30 / 60","45 / 55","50 / 60","45 / 55","35 / 50",,,"86-89","90","35+","sa3009991"
"Esmerlin Vinicio","SP","SFG",,33,"18.2277777",,,"20 / 50","","40 / 55","50 / 60","35 / 55",,,"83-85","86","35+","sa3014708"
"Randy Vasquez","MIRP","NYY",,41,"22.4694444",,"Cut/Rise","45 / 50","","55 / 60","40 / 45","40 / 45",2500,3150,"90-94","95","35+","sa3007933"
"Yoljeldriz Diaz","SP","NYY",,42,"19.7722222",,"Rise","40 / 45","35 / 55","50 / 60","40 / 45","35 / 50",2150,2900,"90-92","93","35+","sa3010248"
"Raffi Vizcaino","SIRP","SFG",,35,"25.3888888",,"Rise/Tail","60 / 60","55 / 55","","50 / 50","30 / 30",2450,2700,"94-97","98","35+","sa736742"
"Jake Agnos","MIRP","NYY",,44,"22.9138888",,"Rise","45 / 45","","45 / 45","50 / 55","40 / 50",2300,1850,"88-92","93","35+","sa1054040"
"Ken Waldichuk","MIRP","NYY",,45,"23.2888888",,"Rise/Tail","45 / 55","45 / 50","","45 / 50","45 / 50",2400,2200,"90-94","95","35+","sa1115814"
"Cole Waites","SIRP","SFG",,38,"22.8666666",,"Cu/Rise","70 / 70","45 / 55","","","20 / 35",,,"96-99","100","35+","sa3011556"
"Dedniel Nunez","SIRP","SFG",,39,"24.8805555","3/20/21",,"60 / 60","60 / 60","","","35 / 40",2600,,"93-94","96","35+","sa3004203"
"Nelson L Alvarez","SIRP","NYY",,47,"22.8638888",,"Cut","50 / 55","50 / 55","","","30 / 40",2450,2550,"94-96","97","35+","sa3010783"
"Luis Mey","SIRP","CIN",,25,"19.8277777",,"Rise","55 / 60","","40 / 45","35 / 45","30 / 45",2050,2250,"95-97","98","35+","sa3010130"
"Jacob Heatherly","MIRP","CIN",,26,"22.9222222",,"Tail","45 / 50","","45 / 50","50 / 55","30 / 40",1800,1950,"90-94","95","35+","sa3004736"
"Brandon Bailey","SIRP","CIN",,28,"26.5083333","2/26/21","Rise","50 / 50","45 / 50","55 / 55","60 / 60","40 / 40",2550,2600,"89-93","94","35+","19582"
"Hector Perez","SIRP","CIN",,29,"24.8777777",,"Cut/Rise","60 / 60","50 / 55","","","20 / 30",2350,2350,"91-95","96","35+","18592"
"Eduardo Salazar","MIRP","CIN",,30,"22.9638888",,"Rise","55 / 55","40 / 45","","40 / 45","45 / 55",2350,,"94-96","99","35+","sa3003131"
"Miguel Medrano","SIRP","CIN",,32,"23.3",,"Rise","40 / 45","","45 / 50","55 / 60","45 / 60",2200,2500,"89-92","93","35+","sa947763"
"Noah Davis","SP","CIN",,33,"24","3/1/18","Tail","45 / 50","50 / 55","50 / 55","35 / 40","40 / 50",2400,2600,"91-93","94","35+","sa3010556"
"Joe Boyle","SIRP","CIN",,35,"21.6888888",,"Tail","80 / 80","50 / 55","","","20 / 30",2550,2500,"98-101","102","35+","sa3014498"
"Junior Mieses","SIRP","ARI",,38,"21.5194444",,"Cut/Rise","45 / 55","45 / 50","","","30 / 45",2450,2300,"90-93","95","35+","sa3005258"
"Andre Pallante","SP","STL",,25,"22.5944444",,"Cut","40 / 45","50 / 55","50 / 50","40 / 45","35 / 50",2150,,"90-93","95","35+","sa3011186"
"Bobby Ay","SIRP","ARI",,40,"23.9",,"Tail","40 / 50","50 / 60","40 / 45","","40 / 50",2150,2800,"90-92","93","35+","sa3011535"
"West Tunnell","SIRP","ARI",,41,"27.4222222",,"Cut/Rise","60 / 60","50 / 55","","","35 / 40",2500,2600,"93-96","97","35+","sa3002749"
"Matt Mercer","SIRP","ARI",,42,"24.6416666",,"Rise","45 / 55","40 / 40","45 / 45","55 / 55","40 / 40",2150,2450,"88-93","96","35+","sa3007837"
"Steven Gingery","SP","STL",,29,"23.5611111",,,"40 / 45","","45 / 45","55 / 60","35 / 50",2000,2300,"88-93","94","35+","sa3011747"
"Avery Short","SP","ARI",,43,"20.1055555",,"Rise","30 / 40","45 / 50","45 / 50","30 / 45","25 / 60",,,"88-92","93","35+","sa3011712"
"Jesus Cruz","SIRP","STL",,30,"26.0194444",,"Sink","55 / 55","55 / 55","","50 / 50","30 / 35",2200,2750,"94-96","98","35+","20042"
"Edinson Soto","SIRP","ARI",,44,"24.5972222",,"Cut/Rise","50 / 55","45 / 55","50 / 55","","",2400,2800,"92-95","96","35+","sa3009831"
"Connor Jones","SIRP","STL",,31,"26.5333333",,"Sink","55 / 55","50 / 55","","40 / 40","35 / 35",1900,2600,"92-95","97","35+","sa738697"
"Luis Castillo","SIRP","ARI",,45,"26.1166666",,"Tail","45 / 45","50 / 50","","55 / 55","50 / 50",,,"90-92","94","35+","sa657838"
"Roel Ramirez","SIRP","STL",,32,"25.9055555",,"Cut","45 / 45","45 / 45","","","40 / 40",2350,2700,"92-96","97","35+","16470"
"Griffin Roberts","SIRP","STL",,34,"24.8583333",,"Tail","40 / 45","55 / 60","","40 / 40","40 / 40",2250,2700,"90-93","95","35+","sa3008483"
"Rodard Avelino","SIRP","STL",,35,"21.8861111",,"Cut/Rise","60 / 70","45 / 60","","","20 / 30",2600,2750,"94-98","99","35+","sa3003040"
"Octavio Becerra","SP","LAD",,40,"20.2194444",,"Sink","40 / 50","45 / 55","45 / 50","45 / 60","30 / 45",,,"90-93","94","35+","sa3008303"
"Mitch White","SIRP","LAD",,41,"26.3166666","11/1/13","Sink","55 / 55","50 / 50","55 / 55","","40 / 40",2300,2450,"93-95","97","35+","19225"
"Juan Morillo","SIRP","LAD",,43,"22.0916666",,"Rise","50 / 55","50 / 55","","30 / 40","30 / 45",2300,2550,"92-94","96","35+","sa917772"
"Osvanni Gutierrez","SP","LAD",,44,"19.9111111",,"Tail","35 / 50","","30 / 45","50 / 70","20 / 45",,,"90-92","93","35+","sa3009730"
"Kyle Hurt","SP","LAD",,45,"22.8944444",,"Tail/Rise","45 / 50","40 / 45","","50 / 55","30 / 50",2100,2300,"91-94","95","35+",
"Hyun-il Choi","MIRP","LAD",,46,"20.9027777",,"Sink","40 / 45","","35 / 45","","35 / 55",2300,2150,"88-92","94","35+","sa3009992"
"Jose Martinez","SIRP","LAD",,48,"21.9972222",,"Sink","45 / 50","40 / 45","","55 / 60","40 / 50",2250,2400,"91-95","97","35+","sa3002796"
"Gus Varland","SIRP","LAD",,50,"24.4611111","8/1/19",,"50 / 55","50 / 55","45 / 50","","40 / 45",2450,2350,"92-94","95","35+","sa3007779"
"Guillermo Zuniga","SIRP","LAD",,51,"22.5333333",,"Tail","55 / 60","55 / 60","","40 / 45","30 / 40",2350,2450,"91-96","97","35+","sa945024"
"Darius Vines","SP","ATL",,26,"22.9777777",,"Cut/Rise","45 / 50","","45 / 50","55 / 60","35 / 50",2350,,"88-92","94","35+","sa918848"
"Jared Johnson","SP","ATL",,27,"20.1027777",,"Sink","55 / 60","45 / 55","","","30 / 50",1850,,"94-97","99","35+","sa3011626"
"Cam Hill","SIRP","CLE",,41,"26.9111111",,"Rise","50 / 50","55 / 55","50 / 50","","40 / 40",2300,2750,"91-94","95","35+","16840"
"Eli Morgan","MIRP","CLE",,42,"24.9416666",,"Rise","45 / 45","45 / 50","45 / 45","60 / 70","50 / 55",2400,2500,"87-90","92","35+","sa915827"
"Nolan Kingham","SP","ATL",,30,"24.6777777",,"None","50 / 55","40 / 45","","40 / 45","45 / 55",2200,,"92-94","96","35+","sa3008224"
"Robert Broom","SIRP","CLE",,43,"24.5972222",,"Sink/Tail","40 / 40","55 / 55","","","50 / 55",2100,,"87-90","92","35+","sa3007235"
"Nick Sandlin","SIRP","CLE",,44,"24.2833333",,"Tail","45 / 45","50 / 55","50 / 50","50 / 55","50 / 60",2200,2750,"90-93","95","35+","sa3006820"
"Scott Moss","MIRP","CLE",,45,"26.5444444",,"Rise","55 / 55","50 / 50","","50 / 50","35 / 40",2400,2400,"89-93","95","35+","sa738902"
"Jean Carlos Mejia","SP","CLE",,46,"24.6555555",,"Sink","50 / 50","50 / 55","","45 / 50","50 / 50",2150,,"90-94","95","35+","sa830122"
"Cristopher Sanchez","MIRP","PHI",,28,"24.3611111",,"Sink","50 / 55","45 / 45","45 / 45","50 / 55","40 / 45",2250,2200,"89-94","95","35+","sa828749"
"Dominic Pipkin","SP","PHI",,29,"21.4638888",,"Sink","50 / 60","40 / 45","40 / 45","45 / 55","35 / 50",2100,2000,"90-95","98","35+","sa3007896"
"Adam Scott","SIRP","CLE",,48,"25.5333333",,"Tail","50 / 55","55 / 60","","40 / 45","45 / 55",2250,,"90-93","95","35+","sa3006826"
"Mauricio Llovera","SIRP","PHI",,30,"25.0138888",,"Tail","50 / 50","","45 / 45","","40 / 40",2000,2400,"93-95","96","35+","20080"
"Julian Garcia","MIRP","PHI",,31,"25.9416666",,"Rise","55 / 55","","55 / 55","50 / 50","50 / 50",2700,2800,"87-90","91","35+","sa918182"
"Kyle Dohy","SIRP","PHI",,32,"24.5972222",,"Tail","50 / 50","40 / 40","","60 / 60","30 / 30",2400,2450,"90-93","96","35+","sa3004861"
"Ramon Rosso","MIRP","PHI",,36,"24.8694444",,"Cut","","50 / 50","","","40 / 40",2600,2550,"94-96","97","35+","20368"
"Victor Santos","SP","PHI",,38,"20.7777777",,"Tail","35 / 35","45 / 50","","","35 / 60",2150,2350,"87-91","92","35+","sa3003083"
"Hsin-Chieh Lin","SP","PHI",,39,"22.0944444",,"Rise","40 / 45","40 / 50","","40 / 50","35 / 50",2450,2450,"89-92","94","35+","sa3008535"
"Colby White","SIRP","TBR",,41,"22.8",,"Cut/Rise","55 / 60","50 / 55","","","30 / 40",2350,,"92-95","97","35+","sa3011200"
"Nicoly Pina","SP","PHI",,40,"21.5388888",,"Rise","55 / 60","45 / 55","","","30 / 40",2300,2350,"93-96","97","35+","sa3005875"
"Andrew Schultz","SIRP","PHI",,41,"23.7277777",,"Tail","70 / 70","45 / 50","","35 / 40","30 / 35",2450,,"96-99","100","35+","sa3010782"
"Carlos Garcia","SIRP","TBR",,43,"22.4",,"Rise","55 / 60","45 / 50","","40 / 50","30 / 40",2600,2500,"90-94","95","35+","sa3006590"
"Victor Munoz","SIRP","TBR",,44,"20.325",,,"45 / 55","","45 / 50","40 / 50","35 / 50",2300,2250,"90-93","95","35+","sa3006381"
"Graeme Stinson","MIRP","TBR",,46,"23.7111111",,,"40 / 60","60 / 70","","40 / 40","35 / 45",2300,2650,"93-95","98","35+","sa3011900"
"Peyton Battenfield","SIRP","TBR",,47,"23.7",,,"50 / 55","","45 / 45","45 / 50","35 / 45",2350,,"92-95",,"35+","sa3010133"
"Joel Peguero","SIRP","TBR",,51,"23.9638888",,"Tail","70 / 70","55 / 60","","","35 / 40",2300,2500,"93-97","98","35+","sa917689"
"Sandy Gaston","SIRP","TBR",,52,"19.35",,"Rise","55 / 65","","45 / 50","45 / 50","30 / 45",2100,2150,"93-96","97","35+","sa3011136"
"Jordan Holloway","SIRP","MIA",,35,"24.8583333","6/19/17",,"60 / 60","45 / 50","","","35 / 40",2250,2500,"94-96","98","35+","20631"
"Paul Campbell","MIRP","MIA",,36,"25.7388888",,,"40 / 40","45 / 45","55 / 55","","55 / 55",,,"91-93","95","35+","22248"
"Will Stewart","MIRP","MIA",,37,"23.7722222",,"Tail","40 / 40","45 / 50","45 / 50","45 / 50","50 / 55",2000,2650,"87-89","91","35+","sa875247"
"Audry Lugo","SIRP","TBR",,55,"22.4805555",,"Cut","45 / 55","","55 / 60","40 / 45","40 / 50",2300,2750,"92-94","96","35+","sa3008710"